frame,l_shoulder_x,l_shoulder_y,l_shoulder_z,l_shoulder_vis,l_elbow_x,l_elbow_y,l_elbow_z,l_elbow_vis,l_wrist_x,l_wrist_y,l_wrist_z,l_wrist_vis,l_hip_x,l_hip_y,l_hip_z,l_hip_vis,l_knee_x,l_knee_y,l_knee_z,l_knee_vis,l_ankle_x,l_ankle_y,l_ankle_z,l_ankle_vis,r_shoulder_x,r_shoulder_y,r_shoulder_z,r_shoulder_vis,r_elbow_x,r_elbow_y,r_elbow_z,r_elbow_vis,r_wrist_x,r_wrist_y,r_wrist_z,r_wrist_vis,r_hip_x,r_hip_y,r_hip_z,r_hip_vis,r_knee_x,r_knee_y,r_knee_z,r_knee_vis,r_ankle_x,r_ankle_y,r_ankle_z,r_ankle_vis
0,0.5228471159934998,0.3833025097846985,-0.11944039911031723,0.9999494552612305,0.5342845916748047,0.4656221270561218,-0.10811277478933334,0.9939749836921692,0.5310181379318237,0.5365110039710999,-0.18784259259700775,0.9835931062698364,0.5064616799354553,0.5305113196372986,-0.004149339161813259,0.9998645782470703,0.5125361084938049,0.6324697136878967,-0.08682046830654144,0.9891568422317505,0.5115078687667847,0.747886598110199,-0.007534144911915064,0.99140864610672,0.4431678056716919,0.3847951292991638,-0.09364348649978638,0.999969482421875,0.42994260787963867,0.46412360668182373,-0.06859546899795532,0.9837580323219299,0.42927804589271545,0.5380995869636536,-0.14706528186798096,0.9711452722549438,0.460867315530777,0.5274536609649658,0.004072814714163542,0.9998971223831177,0.45494920015335083,0.6282275319099426,-0.060012586414813995,0.9936528205871582,0.46131768822669983,0.7371559143066406,0.038245003670454025,0.9921574592590332
1,0.5229954123497009,0.3833521604537964,-0.11929456889629364,0.9999474883079529,0.5382356643676758,0.464436799287796,-0.09611165523529053,0.9941156506538391,0.5377276539802551,0.5362294912338257,-0.16554899513721466,0.9836926460266113,0.5064613223075867,0.5307485461235046,-0.004370662849396467,0.9998235106468201,0.5112565159797668,0.632722795009613,-0.029741182923316956,0.989046037197113,0.5112314224243164,0.7475475072860718,0.06129069998860359,0.9912141561508179,0.44325950741767883,0.38546621799468994,-0.09387591481208801,0.9999681711196899,0.4296453893184662,0.46432581543922424,-0.06038224324584007,0.9827278852462769,0.4254292845726013,0.5381157398223877,-0.13442587852478027,0.9702187180519104,0.46072548627853394,0.5278335213661194,0.00430947495624423,0.9998786449432373,0.45623016357421875,0.6282294392585754,-0.046946149319410324,0.9937201738357544,0.4623616933822632,0.7373237013816833,0.06300508975982666,0.992274820804596
2,0.5235276818275452,0.3849460482597351,-0.1468942016363144,0.9999472498893738,0.5411710739135742,0.46465691924095154,-0.11756307631731033,0.9943519830703735,0.543799102306366,0.5367538332939148,-0.17007416486740112,0.9836928844451904,0.505687952041626,0.5306962728500366,-0.00546561973169446,0.9998016357421875,0.5080081820487976,0.631618857383728,-0.04841196909546852,0.9885051250457764,0.5105255842208862,0.7474654912948608,0.03614729642868042,0.991008996963501,0.4437400698661804,0.3866438567638397,-0.11509590595960617,0.999967634677887,0.42928701639175415,0.4641171395778656,-0.06959851831197739,0.9821851849555969,0.41772836446762085,0.5373790264129639,-0.13618814945220947,0.9696506261825562,0.4600280225276947,0.5277097821235657,0.005404290277510881,0.9998651742935181,0.45654961466789246,0.6281008124351501,-0.04842803254723549,0.993514895439148,0.4628047049045563,0.737384021282196,0.055368710309267044,0.9921426177024841
3,0.5238967537879944,0.3859311640262604,-0.1504957228899002,0.9999473690986633,0.542142927646637,0.4647909998893738,-0.12254536151885986,0.9945803284645081,0.5451626181602478,0.5370448231697083,-0.17790360748767853,0.9837114810943604,0.5048661828041077,0.5306527018547058,-0.006177491974085569,0.9997844696044922,0.5066128373146057,0.630886435508728,-0.05598805472254753,0.9880437850952148,0.5101044774055481,0.7474272847175598,0.026006096974015236,0.990864098072052,0.4439946711063385,0.38736170530319214,-0.1181713119149208,0.999967098236084,0.4289669990539551,0.46393629908561707,-0.07347524166107178,0.9818124771118164,0.41578954458236694,0.5368576645851135,-0.13652953505516052,0.9691476225852966,0.45914503931999207,0.5274896025657654,0.00611379649490118,0.9998531341552734,0.456768661737442,0.6280908584594727,-0.05061233416199684,0.9933111071586609,0.4631006717681885,0.7375487685203552,0.052366361021995544,0.9919916391372681
4,0.5238913297653198,0.3858646750450134,-0.14452049136161804,0.9999486207962036,0.5430100560188293,0.46102291345596313,-0.12257368117570877,0.9946829080581665,0.552791178226471,0.5333474278450012,-0.18864130973815918,0.9834637641906738,0.5048914551734924,0.5293731689453125,-0.006155970972031355,0.9997628331184387,0.5067896246910095,0.6279777884483337,-0.09986894577741623,0.987158477306366,0.5099714398384094,0.746155858039856,-0.042881447821855545,0.9902758598327637,0.44416770339012146,0.3878712058067322,-0.11464164406061172,0.9999668002128601,0.426608145236969,0.46318766474723816,-0.07474557310342789,0.9813782572746277,0.40780577063560486,0.5339934229850769,-0.1431339532136917,0.9681206941604614,0.4591754972934723,0.5272988080978394,0.006097530480474234,0.9998413920402527,0.4568774998188019,0.6239873766899109,-0.12256298214197159,0.9929425716400146,0.4633687734603882,0.7375519871711731,-0.03763622045516968,0.991506040096283
5,0.5238272547721863,0.38581734895706177,-0.17565445601940155,0.9999522566795349,0.5463386178016663,0.45839792490005493,-0.16024596989154816,0.9950692057609558,0.5653167366981506,0.5292661190032959,-0.23233577609062195,0.9846072793006897,0.5049113035202026,0.5292620658874512,-0.0052666268311440945,0.999757707118988,0.5067089200019836,0.627606987953186,-0.10649656504392624,0.9865918755531311,0.5099824070930481,0.7460305094718933,-0.050007931888103485,0.9898778796195984,0.44411781430244446,0.3881749212741852,-0.13764910399913788,0.9999674558639526,0.4232974052429199,0.4621495306491852,-0.09289341419935226,0.9817265272140503,0.39653098583221436,0.5299255847930908,-0.16102714836597443,0.9680709838867188,0.4590941071510315,0.5272895693778992,0.005265236832201481,0.9998381733894348,0.4572632610797882,0.6233380436897278,-0.15648652613162994,0.9928228855133057,0.4634140729904175,0.7378514409065247,-0.08048273622989655,0.9912251234054565
6,0.5238742828369141,0.38578036427497864,-0.17975440621376038,0.9999554753303528,0.5492867231369019,0.45136019587516785,-0.16564831137657166,0.9953771233558655,0.5754121541976929,0.5106273889541626,-0.24872463941574097,0.98545241355896,0.504931628704071,0.5285323262214661,-0.0035194670781493187,0.9997329115867615,0.5068215727806091,0.6278226971626282,-0.07918709516525269,0.985980749130249,0.5099905729293823,0.7459328174591064,-0.01887279376387596,0.9897493720054626,0.4440000057220459,0.38812875747680664,-0.15873436629772186,0.9999679327011108,0.41815629601478577,0.45841795206069946,-0.12680953741073608,0.9827645421028137,0.38684606552124023,0.5210219621658325,-0.20158687233924866,0.9689731001853943,0.4590756893157959,0.5269457101821899,0.0035444130189716816,0.9998100399971008,0.4572966992855072,0.6235880255699158,-0.12035680562257767,0.9923633337020874,0.46304628252983093,0.7381426095962524,-0.06569184362888336,0.9908735156059265
7,0.5238237380981445,0.38469886779785156,-0.17642982304096222,0.9999580383300781,0.5540209412574768,0.4448865056037903,-0.15788990259170532,0.9956824779510498,0.5874904990196228,0.5030635595321655,-0.23676085472106934,0.9863941073417664,0.5049452781677246,0.5283145904541016,-0.00238994462415576,0.9997067451477051,0.506820797920227,0.6301445364952087,-0.006814915221184492,0.9858337044715881,0.509992778301239,0.7459399104118347,0.0889141708612442,0.9897935390472412,0.44371581077575684,0.38707369565963745,-0.1634448915719986,0.9999673962593079,0.4142098128795624,0.45205819606781006,-0.1336665153503418,0.9835638999938965,0.37615305185317993,0.5083369016647339,-0.2103610336780548,0.9696313142776489,0.4591047465801239,0.5266057848930359,0.0024143573828041553,0.999790370464325,0.45778152346611023,0.6252259016036987,-0.04300756752490997,0.9922211170196533,0.4625093936920166,0.7386312484741211,0.06399109214544296,0.9909651279449463
8,0.5234569907188416,0.38128793239593506,-0.18995174765586853,0.9999606013298035,0.5609953999519348,0.4384251534938812,-0.17265434563159943,0.9960157871246338,0.6022140979766846,0.4952916204929352,-0.2537958323955536,0.9873533248901367,0.5049076080322266,0.5270314812660217,-0.0025064509827643633,0.9996892809867859,0.5066142082214355,0.6306139230728149,0.013033700175583363,0.9860777258872986,0.5099875330924988,0.7458502650260925,0.11792845278978348,0.9900139570236206,0.44287142157554626,0.3849404454231262,-0.17703877389431,0.9999676942825317,0.40724098682403564,0.44645291566848755,-0.14809341728687286,0.9846453070640564,0.3637068271636963,0.4949541687965393,-0.23110751807689667,0.9713228344917297,0.4591807425022125,0.5255534052848816,0.0025397678837180138,0.9997766017913818,0.45832687616348267,0.6265071630477905,-0.011506090871989727,0.9920123219490051,0.46195319294929504,0.7395889163017273,0.09982790052890778,0.9911262392997742
9,0.523138165473938,0.3799612820148468,-0.19154641032218933,0.999963104724884,0.5617128610610962,0.43641728162765503,-0.17682258784770966,0.9963294267654419,0.6034109592437744,0.49394741654396057,-0.2596605122089386,0.9882670044898987,0.5048431754112244,0.5264707803726196,-0.0033096002880483866,0.9996768236160278,0.5066127777099609,0.6307743191719055,-0.0005170935764908791,0.9861956834793091,0.5099855065345764,0.7460141777992249,0.09975408017635345,0.9902312755584717,0.4424917697906494,0.38357457518577576,-0.17485204339027405,0.9999679923057556,0.406259149312973,0.44346895813941956,-0.14556115865707397,0.9855225682258606,0.3631651997566223,0.49318140745162964,-0.23098613321781158,0.9726454615592957,0.45927101373672485,0.5249964594841003,0.003357149427756667,0.9997670650482178,0.45830458402633667,0.6272369623184204,-0.026904212310910225,0.9918148517608643,0.4616999626159668,0.7403018474578857,0.0834689661860466,0.9912942051887512
10,0.5227091312408447,0.37621310353279114,-0.1689480096101761,0.9999639391899109,0.5630043745040894,0.42777007818222046,-0.15279249846935272,0.9965331554412842,0.6094040274620056,0.47637492418289185,-0.243996724486351,0.9888381958007812,0.5047509074211121,0.5234584808349609,-0.003241771599277854,0.9996306896209717,0.5066761374473572,0.6303961277008057,-0.003718491643667221,0.9863566160202026,0.509990394115448,0.7460377812385559,0.0856480821967125,0.9904054999351501,0.4422004818916321,0.37913379073143005,-0.15922100841999054,0.999965250492096,0.40296995639801025,0.43675222992897034,-0.1290157586336136,0.9862930774688721,0.3531159460544586,0.4766138195991516,-0.21483294665813446,0.9740614295005798,0.4596615731716156,0.5226486921310425,0.003280636155977845,0.9997223615646362,0.45832130312919617,0.6272251605987549,-0.008318568579852581,0.9916328191757202,0.46102097630500793,0.7405424118041992,0.09258254617452621,0.9914971590042114
11,0.5222546458244324,0.37094545364379883,-0.1245318055152893,0.9999569654464722,0.5650011301040649,0.41470280289649963,-0.11298791319131851,0.9964144825935364,0.610973596572876,0.45023518800735474,-0.2114437073469162,0.9884430170059204,0.5047417283058167,0.5186100602149963,-0.0023589034099131823,0.9994766712188721,0.5067071914672852,0.6299102306365967,-0.004880562890321016,0.9860816597938538,0.5101298093795776,0.7463446855545044,0.08065091073513031,0.9902631640434265,0.4416915774345398,0.3727948069572449,-0.12592141330242157,0.9999476075172424,0.3974218964576721,0.4233378469944,-0.12691228091716766,0.9865241050720215,0.3517034947872162,0.45468148589134216,-0.21026816964149475,0.9735832810401917,0.4596826136112213,0.5183143019676208,0.0024263274390250444,0.999586820602417,0.4584941267967224,0.6258858442306519,-0.016357971355319023,0.9913176894187927,0.459890753030777,0.7404006719589233,0.08224666118621826,0.9915647506713867
12,0.5219356417655945,0.36409151554107666,-0.10590542107820511,0.999953031539917,0.5674702525138855,0.4025018811225891,-0.09540417790412903,0.9965210556983948,0.6221843361854553,0.4315689206123352,-0.18539276719093323,0.9890557527542114,0.5048568844795227,0.514049768447876,-0.0017871794989332557,0.9993025660514832,0.5077946186065674,0.6251060366630554,-0.006907619535923004,0.9856396317481995,0.5116553902626038,0.746209442615509,0.07593013346195221,0.9900723695755005,0.4408993422985077,0.3660077154636383,-0.10606260597705841,0.999912440776825,0.3904041349887848,0.4125578701496124,-0.11385059356689453,0.9865069389343262,0.34051474928855896,0.4374164640903473,-0.20480941236019135,0.9725484251976013,0.4596930742263794,0.5133537650108337,0.0018484777538105845,0.9993634819984436,0.45847174525260925,0.6210752725601196,-0.023340724408626556,0.9909142851829529,0.4573914110660553,0.7395585179328918,0.07207512110471725,0.9915723204612732
13,0.5217887163162231,0.3570663630962372,-0.11209568381309509,0.9999531507492065,0.5733960270881653,0.3902963697910309,-0.10037638992071152,0.9967688322067261,0.6292957067489624,0.40705007314682007,-0.18749184906482697,0.9899709224700928,0.5050601959228516,0.5094509124755859,0.0005058617098256946,0.9992085099220276,0.5104261040687561,0.6216133236885071,0.005952180363237858,0.9856533408164978,0.5140951871871948,0.745606005191803,0.10396947711706161,0.9899172782897949,0.44003602862358093,0.358925461769104,-0.11193472146987915,0.9998936057090759,0.3835252821445465,0.4003585875034332,-0.11355137079954147,0.9873817563056946,0.32873523235321045,0.41338369250297546,-0.21229015290737152,0.9739969968795776,0.4596937596797943,0.5096179842948914,-0.0004685624153353274,0.9992119669914246,0.45735543966293335,0.6191443800926208,-0.014543898403644562,0.9908029437065125,0.4532316029071808,0.7372464537620544,0.09000943601131439,0.9914931654930115
14,0.5214940309524536,0.35028088092803955,-0.10374405235052109,0.9999548196792603,0.5747506022453308,0.37941157817840576,-0.095107801258564,0.9970256686210632,0.6332539916038513,0.3869284391403198,-0.18972758948802948,0.9908474683761597,0.5055224299430847,0.5060503482818604,-0.0012940031010657549,0.9991388320922852,0.5128956437110901,0.618579626083374,-0.005135360173881054,0.9859570860862732,0.5180256366729736,0.7389175295829773,0.11385443061590195,0.9898038506507874,0.4396212100982666,0.3518359065055847,-0.09142361581325531,0.9998639225959778,0.3818145990371704,0.38829463720321655,-0.08581145852804184,0.9881100654602051,0.3264528512954712,0.3983268439769745,-0.19054768979549408,0.9753628373146057,0.45987746119499207,0.5059221982955933,0.0013133763568475842,0.9990546703338623,0.45430612564086914,0.6136224269866943,-0.0141386603936553,0.9908366799354553,0.4485587179660797,0.7356756329536438,0.10492023080587387,0.9913175702095032
15,0.5214462876319885,0.35000479221343994,-0.10137397795915604,0.9999547600746155,0.5752711296081543,0.37827804684638977,-0.09046109765768051,0.9972291588783264,0.632912278175354,0.3848525881767273,-0.18413208425045013,0.9915797114372253,0.5056231617927551,0.5042385458946228,-0.001258611911907792,0.9990621209144592,0.5134068727493286,0.6150524020195007,-0.008517133072018623,0.9860120415687561,0.5192784070968628,0.7351775765419006,0.110073983669281,0.9896087646484375,0.4393540024757385,0.35092511773109436,-0.09425638616085052,0.9998319745063782,0.38102006912231445,0.38676735758781433,-0.08908096700906754,0.9886195063591003,0.3261057138442993,0.39550846815109253,-0.1913914680480957,0.9761826992034912,0.45988762378692627,0.5042487978935242,0.001271790941245854,0.9988911151885986,0.45292288064956665,0.6105162501335144,-0.019521407783031464,0.9908230304718018,0.4469195604324341,0.7347199320793152,0.09583967179059982,0.9911903142929077
16,0.5211848616600037,0.34689366817474365,-0.09630495309829712,0.9999545216560364,0.578076958656311,0.3687238395214081,-0.09016944468021393,0.9974254965782166,0.6362752318382263,0.36704060435295105,-0.18485279381275177,0.9922537803649902,0.5056017637252808,0.5036508440971375,-0.0018416459206491709,0.9990395903587341,0.5139999389648438,0.6150579452514648,-0.01037807296961546,0.986333429813385,0.52424556016922,0.7336967587471008,0.11317162960767746,0.9896489977836609,0.43876779079437256,0.3471378982067108,-0.08848755061626434,0.9997897148132324,0.3787458539009094,0.37740233540534973,-0.08426287770271301,0.9893045425415039,0.3211003839969635,0.3773730397224426,-0.19050897657871246,0.9773474335670471,0.45972007513046265,0.5027132630348206,0.001852978253737092,0.9987992644309998,0.4506477415561676,0.606246829032898,-0.022996479645371437,0.9910248517990112,0.44141295552253723,0.7314534783363342,0.09712862968444824,0.9912026524543762
17,0.5211107134819031,0.3443678319454193,-0.10677314549684525,0.9999551773071289,0.5808507204055786,0.35770633816719055,-0.09702640026807785,0.9976274371147156,0.6376553773880005,0.3441775441169739,-0.1966860592365265,0.9929004311561584,0.5055903196334839,0.503862202167511,-0.0041815135627985,0.999066174030304,0.515341579914093,0.6143273711204529,-0.01155105046927929,0.9872291088104248,0.528995931148529,0.7314217686653137,0.1215607300400734,0.9902188777923584,0.43803900480270386,0.3453405797481537,-0.09732591360807419,0.9997579455375671,0.37594807147979736,0.3669344484806061,-0.08949468284845352,0.9901036024093628,0.3186100125312805,0.35786670446395874,-0.19557955861091614,0.9788730144500732,0.4593517482280731,0.5029979348182678,0.004177666734904051,0.9987971186637878,0.44675368070602417,0.6080078482627869,-0.010548115707933903,0.9915171265602112,0.4354899525642395,0.7291759252548218,0.12336216121912003,0.9915885925292969
18,0.520402729511261,0.3430025279521942,-0.12284843623638153,0.9999542236328125,0.5816025137901306,0.3471733629703522,-0.12327129393815994,0.9978174567222595,0.6371244192123413,0.32229697704315186,-0.2199670523405075,0.9934812188148499,0.505583643913269,0.5044623613357544,-0.0052078417502343655,0.9991084337234497,0.5187236666679382,0.6154072284698486,-0.012428510002791882,0.9881475567817688,0.5348990559577942,0.7319839596748352,0.11107206344604492,0.9908635020256042,0.43698373436927795,0.3448789417743683,-0.11881077289581299,0.9997338652610779,0.37383073568344116,0.3585115075111389,-0.11060617864131927,0.9908708333969116,0.3192811906337738,0.34016668796539307,-0.21742278337478638,0.980381190776825,0.4592769742012024,0.5041787028312683,0.005192455369979143,0.9988516569137573,0.444505900144577,0.6095502376556396,-0.00726731913164258,0.992097020149231,0.43031027913093567,0.729909360408783,0.12028345465660095,0.9921072125434875
19,0.5201916098594666,0.3436325192451477,-0.1228608712553978,0.9999507665634155,0.5834053754806519,0.3398827314376831,-0.12949202954769135,0.9979894757270813,0.6322968602180481,0.307278573513031,-0.2249249964952469,0.9939795732498169,0.5056151151657104,0.5050663948059082,-0.006390068214386702,0.9991581439971924,0.5210921764373779,0.6160165071487427,-0.014892234466969967,0.9889938235282898,0.5399462580680847,0.7324102520942688,0.10519574582576752,0.9914833307266235,0.43642839789390564,0.34557193517684937,-0.12024391442537308,0.9997147917747498,0.3740042448043823,0.35063639283180237,-0.11319617927074432,0.9916191101074219,0.31969431042671204,0.32279732823371887,-0.2161630243062973,0.9818630814552307,0.45930010080337524,0.5050849318504333,0.006356248166412115,0.998924970626831,0.4422816336154938,0.6104843616485596,-0.00914833601564169,0.9926552176475525,0.42538291215896606,0.7303457856178284,0.11618170142173767,0.9926169514656067
20,0.5202293395996094,0.3445187211036682,-0.12292459607124329,0.999941885471344,0.5841161012649536,0.33176174759864807,-0.1280095875263214,0.9981335401535034,0.6294325590133667,0.2878645360469818,-0.21943669021129608,0.9943952560424805,0.5059407949447632,0.5057215094566345,-0.003165260422974825,0.9992098808288574,0.5244128108024597,0.6181341409683228,-0.006371568888425827,0.9898162484169006,0.5469697117805481,0.7380275726318359,0.10689865052700043,0.9920905232429504,0.43629348278045654,0.3465668857097626,-0.13899113237857819,0.9997183680534363,0.37334197759628296,0.3426327705383301,-0.13959424197673798,0.9923667907714844,0.3211517333984375,0.3066576421260834,-0.23773090541362762,0.9833648800849915,0.4593464434146881,0.5055608153343201,0.0031075214501470327,0.999005913734436,0.4409236013889313,0.611844003200531,-0.004474785644561052,0.9932288527488708,0.4217433035373688,0.7306572794914246,0.11548057198524475,0.9931773543357849
21,0.5202401280403137,0.3449977934360504,-0.12102937698364258,0.9999358654022217,0.5842273831367493,0.3300315737724304,-0.1265210211277008,0.9982691407203674,0.6280352473258972,0.2867196500301361,-0.21709251403808594,0.9947799444198608,0.5060555934906006,0.5059000253677368,-0.0025642497930675745,0.9992579221725464,0.5255764722824097,0.6197436451911926,-0.007458944339305162,0.990601658821106,0.5481419563293457,0.738959550857544,0.11005409806966782,0.9926469922065735,0.43606436252593994,0.3470153510570526,-0.13522030413150787,0.9997209906578064,0.37347161769866943,0.3421478569507599,-0.13560979068279266,0.9930316209793091,0.3215875029563904,0.30672600865364075,-0.2344367504119873,0.9846777319908142,0.4593501389026642,0.5066462159156799,0.0025054472498595715,0.9990796446800232,0.44045713543891907,0.6137730479240417,-0.0024453112855553627,0.9937569499015808,0.4212047755718231,0.7308624982833862,0.12021391093730927,0.9936859011650085
22,0.520218014717102,0.34569457173347473,-0.11495979875326157,0.9999136328697205,0.5829682946205139,0.3234480619430542,-0.12158144265413284,0.998354971408844,0.624603271484375,0.26988059282302856,-0.2066585272550583,0.9950375556945801,0.5062270164489746,0.5066993236541748,-0.0012272497406229377,0.999301552772522,0.5269030332565308,0.6218182444572449,-0.005278649739921093,0.9911810755729675,0.5533597469329834,0.7430045008659363,0.10765860974788666,0.9930420517921448,0.43615907430648804,0.3474265933036804,-0.13297119736671448,0.9997316002845764,0.3754177689552307,0.3379092812538147,-0.13366363942623138,0.9936321377754211,0.32321828603744507,0.29446113109588623,-0.2333492636680603,0.9859433174133301,0.4593520164489746,0.5079089403152466,0.0011627455241978168,0.9991509914398193,0.4391787648200989,0.6187496185302734,-0.0022455935832113028,0.9941834807395935,0.41857561469078064,0.7325769662857056,0.11516828835010529,0.9941120147705078
23,0.5202187299728394,0.347044438123703,-0.11069635301828384,0.999881386756897,0.5823169946670532,0.3182656168937683,-0.12029261142015457,0.9984062314033508,0.6155058741569519,0.2576417326927185,-0.19185274839401245,0.9951938390731812,0.5063241124153137,0.5099545121192932,-0.001324390061199665,0.9993373155593872,0.5274559259414673,0.6230765581130981,0.0009547502850182354,0.9917373657226562,0.5566295981407166,0.7435227036476135,0.10578620433807373,0.9934382438659668,0.4362148940563202,0.34805598855018616,-0.12510450184345245,0.999730110168457,0.37649187445640564,0.33287185430526733,-0.13073256611824036,0.99416184425354,0.33166682720184326,0.27904659509658813,-0.22759726643562317,0.9869973063468933,0.45935216546058655,0.5114972591400146,0.0012644478119909763,0.999210000038147,0.43809324502944946,0.6222139000892639,0.0025045606307685375,0.9945564270019531,0.4156894087791443,0.7358037233352661,0.11295951902866364,0.994500458240509
24,0.5201754570007324,0.35236161947250366,-0.10753647238016129,0.999867856502533,0.5786033272743225,0.3159435987472534,-0.12392992526292801,0.9984948039054871,0.60478675365448,0.24720549583435059,-0.19610713422298431,0.9954217076301575,0.5063996315002441,0.5141127705574036,-0.0019434422720223665,0.9993788003921509,0.5281420350074768,0.6271524429321289,-0.0006443004822358489,0.9921702146530151,0.5592262744903564,0.7441759705543518,0.10811170190572739,0.9937314987182617,0.43650999665260315,0.35404300689697266,-0.10772524029016495,0.9997383952140808,0.37897154688835144,0.3299711346626282,-0.12876635789871216,0.994652509689331,0.34344202280044556,0.2669977843761444,-0.21801495552062988,0.9879722595214844,0.4591844975948334,0.5155038237571716,0.0018736004130914807,0.999269425868988,0.4360469877719879,0.6277403235435486,-0.0013475987361744046,0.9948626160621643,0.41240590810775757,0.7392154335975647,0.11576750129461288,0.9948332905769348
25,0.520010769367218,0.35900288820266724,-0.09686971455812454,0.9998598098754883,0.5733208060264587,0.31539350748062134,-0.12386775761842728,0.9985750913619995,0.590917706489563,0.24258381128311157,-0.19700437784194946,0.9955849647521973,0.5064153075218201,0.5219556093215942,-0.00389048270881176,0.9994216561317444,0.5296689867973328,0.6319001913070679,-0.0024923300370573997,0.992604672908783,0.5614309906959534,0.744741678237915,0.11049230396747589,0.9940175414085388,0.436929315328598,0.36121636629104614,-0.08136633038520813,0.9997446537017822,0.3817642629146576,0.32964667677879333,-0.10113006085157394,0.9950554966926575,0.35514140129089355,0.25955766439437866,-0.19414293766021729,0.9887528419494629,0.45902007818222046,0.5218679904937744,0.003836054354906082,0.9993257522583008,0.43468940258026123,0.6335546970367432,-0.002150326268747449,0.9951449036598206,0.41075432300567627,0.7426835298538208,0.1230461448431015,0.9951545000076294
26,0.519740104675293,0.36519762873649597,-0.09888263046741486,0.999832034111023,0.5676073431968689,0.31871113181114197,-0.13425299525260925,0.9986307621002197,0.5776852965354919,0.24106279015541077,-0.20424652099609375,0.9956531524658203,0.5064200162887573,0.5287894010543823,-0.0038731475360691547,0.9994463920593262,0.5308944582939148,0.633631706237793,-0.002289409749209881,0.9926983714103699,0.5634698271751404,0.7461646795272827,0.10903289914131165,0.9940611124038696,0.43740034103393555,0.3680459260940552,-0.08797042816877365,0.9997499585151672,0.38678139448165894,0.3303724527359009,-0.10507693886756897,0.9954429864883423,0.3680272698402405,0.25318771600723267,-0.1969304084777832,0.9895220398902893,0.45882585644721985,0.5276819467544556,0.0038202558644115925,0.9993730187416077,0.4349365830421448,0.6351863145828247,-0.01160869188606739,0.9953246116638184,0.4092601537704468,0.7479035258293152,0.11096183955669403,0.995360791683197
27,0.5195260643959045,0.3669208586215973,-0.1013779267668724,0.9998159408569336,0.5661682486534119,0.3181924521923065,-0.13854047656059265,0.9986844062805176,0.5756142735481262,0.23926661908626556,-0.21029391884803772,0.9957497715950012,0.5064248442649841,0.529455840587616,-0.003863064106553793,0.9994648694992065,0.5313048958778381,0.6339867115020752,-0.0028649086598306894,0.9929114580154419,0.564265251159668,0.747467041015625,0.10507142543792725,0.9941862225532532,0.4376281797885895,0.36967232823371887,-0.09244555979967117,0.999754786491394,0.3886401951313019,0.33038991689682007,-0.11029655486345291,0.9958085417747498,0.370799720287323,0.25368359684944153,-0.20051664113998413,0.9902507066726685,0.4587548077106476,0.5285680294036865,0.003810048568993807,0.9994112849235535,0.43550077080726624,0.6358509659767151,-0.018517371267080307,0.9955258369445801,0.4081863462924957,0.7495763301849365,0.09916330873966217,0.9955489039421082
28,0.519260823726654,0.3728453516960144,-0.10656024515628815,0.999796450138092,0.5644767880439758,0.31999462842941284,-0.15591011941432953,0.9987452626228333,0.5633800029754639,0.2422146499156952,-0.22205913066864014,0.995859682559967,0.5062031745910645,0.53950434923172,-0.0025261796545237303,0.9994855523109436,0.5336117148399353,0.6406818628311157,-0.002993176458403468,0.9932264089584351,0.565815806388855,0.7515556216239929,0.11359591037034988,0.9943950772285461,0.4385814070701599,0.3781965672969818,-0.10494625568389893,0.9997560381889343,0.3939654529094696,0.33174335956573486,-0.14589688181877136,0.9961342215538025,0.3841598331928253,0.2535368800163269,-0.21629595756530762,0.990855872631073,0.4583457410335541,0.5378224849700928,0.002486848272383213,0.9994509816169739,0.4349692463874817,0.6425565481185913,-0.034918878227472305,0.9958045482635498,0.40719038248062134,0.7521814703941345,0.09712418913841248,0.9958301186561584
29,0.5181724429130554,0.3805431127548218,-0.09713562577962875,0.9996878504753113,0.5597118139266968,0.32278549671173096,-0.14657430350780487,0.9986972212791443,0.5499011278152466,0.24844521284103394,-0.212193101644516,0.9954611659049988,0.5062023401260376,0.550732433795929,0.0011893085902556777,0.9994956254959106,0.5368673205375671,0.6522118449211121,0.008252279832959175,0.9933263063430786,0.567811906337738,0.7602501511573792,0.13557574152946472,0.9944098591804504,0.4399396479129791,0.3864612579345703,-0.10580810159444809,0.9997551441192627,0.399570494890213,0.33288484811782837,-0.16087330877780914,0.9964039921760559,0.3987284302711487,0.2530883252620697,-0.2215091735124588,0.9912487864494324,0.4583209156990051,0.5490671992301941,-0.0012104390189051628,0.9994892477989197,0.43441152572631836,0.6494253873825073,-0.03976553678512573,0.996069610118866,0.40728136897087097,0.7544785141944885,0.09872664511203766,0.9960915446281433
30,0.5175445079803467,0.38673222064971924,-0.061526309698820114,0.9995203018188477,0.5546995997428894,0.32334545254707336,-0.11673976480960846,0.9985735416412354,0.5367652773857117,0.2563176453113556,-0.16694240272045135,0.994868278503418,0.5064921975135803,0.5592703223228455,0.0025754887610673904,0.9994973540306091,0.5390437841415405,0.6588135957717896,0.005766323301941156,0.9936156868934631,0.5677437782287598,0.7621833682060242,0.14612649381160736,0.9944844841957092,0.44164490699768066,0.39311572909355164,-0.08133671432733536,0.9997408390045166,0.40301546454429626,0.33475807309150696,-0.14899952709674835,0.9966824054718018,0.4141275882720947,0.25961029529571533,-0.1993534117937088,0.9916675090789795,0.45830515027046204,0.5580140352249146,-0.002603645669296384,0.9995166063308716,0.4335322380065918,0.6548061966896057,-0.04068322852253914,0.9963361024856567,0.4074876010417938,0.7575241327285767,0.11127640306949615,0.9963095188140869
31,0.5165048837661743,0.39224401116371155,-0.07318101078271866,0.9992656707763672,0.5508072376251221,0.32785192131996155,-0.13702385127544403,0.9984582662582397,0.5237264633178711,0.25992342829704285,-0.17950887978076935,0.9943994879722595,0.5067600011825562,0.5653742551803589,0.005971543490886688,0.9994820952415466,0.5395517945289612,0.6632923483848572,0.019435148686170578,0.9937406182289124,0.5683048963546753,0.7654092907905579,0.15564003586769104,0.9943774938583374,0.44217512011528015,0.3979901671409607,-0.08906968683004379,0.9997056722640991,0.4064105153083801,0.33600613474845886,-0.16699054837226868,0.9969311356544495,0.4285419285297394,0.26499679684638977,-0.20149703323841095,0.9919623136520386,0.45833420753479004,0.5649389028549194,-0.0060426825657486916,0.9995288848876953,0.43330955505371094,0.6610573530197144,-0.03900106996297836,0.9965543150901794,0.40736448764801025,0.7601258754730225,0.11640726029872894,0.9964452981948853
32,0.5162455439567566,0.39625704288482666,-0.07954534143209457,0.9989520311355591,0.5490652918815613,0.3319128751754761,-0.14969268441200256,0.9983689785003662,0.5195692181587219,0.2667488753795624,-0.18659424781799316,0.9937717318534851,0.507354736328125,0.5671996474266052,0.00597349414601922,0.999442994594574,0.5399081110954285,0.6684092879295349,0.02668588049709797,0.9937599301338196,0.5693548917770386,0.769339382648468,0.15091261267662048,0.9941564202308655,0.4428398907184601,0.40198343992233276,-0.09577024728059769,0.9996517300605774,0.41060173511505127,0.3375883400440216,-0.1832549273967743,0.9971602559089661,0.4388902485370636,0.2685813009738922,-0.20278744399547577,0.9920769333839417,0.459185391664505,0.5678022503852844,-0.006057341117411852,0.9995253086090088,0.4335175156593323,0.6618319749832153,-0.01933368109166622,0.9966859221458435,0.40813004970550537,0.7593144178390503,0.11862153559923172,0.996466875076294
33,0.516098141670227,0.39572659134864807,-0.07905293256044388,0.998737633228302,0.5489500761032104,0.3336644768714905,-0.1744888871908188,0.9982947111129761,0.5175223350524902,0.2700614333152771,-0.23968467116355896,0.9933158159255981,0.5081361532211304,0.5676037669181824,0.006007700227200985,0.9994298815727234,0.5404686331748962,0.6701701879501343,0.03173718973994255,0.9936538934707642,0.569244921207428,0.7689410448074341,0.1637706309556961,0.9937294125556946,0.4433373212814331,0.40101388096809387,-0.09599719941616058,0.9996192455291748,0.4108206033706665,0.33800286054611206,-0.17967502772808075,0.997370183467865,0.4388013482093811,0.2704874873161316,-0.1998748928308487,0.9922217130661011,0.45981740951538086,0.5681349635124207,-0.006092163734138012,0.9995354413986206,0.4337049722671509,0.6619870662689209,-0.013575032353401184,0.9968353509902954,0.40849924087524414,0.7587411403656006,0.1207379549741745,0.9965031743049622
34,0.5161346793174744,0.39446496963500977,-0.1165786013007164,0.9985631704330444,0.5501067042350769,0.3338083028793335,-0.23848208785057068,0.998232901096344,0.5166110992431641,0.27346283197402954,-0.3122805655002594,0.9926306009292603,0.5091218948364258,0.5664516091346741,0.005701896734535694,0.9994221329689026,0.5405089259147644,0.6681420207023621,0.02578817866742611,0.9936334490776062,0.5691039562225342,0.7690669894218445,0.15515044331550598,0.9934180974960327,0.4441024661064148,0.3993048667907715,-0.1319916844367981,0.9995840787887573,0.41113561391830444,0.3385181128978729,-0.24135887622833252,0.9975521564483643,0.44359809160232544,0.2711450457572937,-0.2756224274635315,0.9921679496765137,0.4604886472225189,0.5674541592597961,-0.005795602686703205,0.999542772769928,0.43379393219947815,0.6625342965126038,-0.006057595368474722,0.9969579577445984,0.40888071060180664,0.7589973211288452,0.12750104069709778,0.996513307094574
35,0.5163356065750122,0.3930826187133789,-0.11973430961370468,0.9984198808670044,0.5513988137245178,0.3332086503505707,-0.23526446521282196,0.9982407689094543,0.5191989541053772,0.2734905183315277,-0.3049429953098297,0.9922472834587097,0.5093815326690674,0.5655288696289062,0.00561711098998785,0.9994102120399475,0.5406321287155151,0.6677551865577698,0.02442038618028164,0.9938188195228577,0.5686377286911011,0.7682371139526367,0.15349048376083374,0.9934232831001282,0.44448044896125793,0.3974231779575348,-0.1304524838924408,0.9995619654655457,0.4107637107372284,0.3387370705604553,-0.23003025352954865,0.9977349042892456,0.4416874647140503,0.2720237076282501,-0.2617194652557373,0.992369532585144,0.46061402559280396,0.566300630569458,-0.005678714718669653,0.9995498657226562,0.43396300077438354,0.6629284024238586,-0.009032601490616798,0.9971354603767395,0.409105509519577,0.7594422698020935,0.1252199113368988,0.9966422319412231
36,0.5163527727127075,0.3918091654777527,-0.08992253243923187,0.9983046054840088,0.5520438551902771,0.33219799399375916,-0.17851519584655762,0.9982714653015137,0.5233381390571594,0.27061501145362854,-0.23219184577465057,0.9922414422035217,0.5094330906867981,0.5638130307197571,0.005394362844526768,0.9994115829467773,0.5413616895675659,0.6666393280029297,0.02168750762939453,0.9939838647842407,0.5685042142868042,0.768370509147644,0.15217313170433044,0.9935388565063477,0.44461312890052795,0.39587920904159546,-0.10963815450668335,0.999548614025116,0.4093056321144104,0.3390146493911743,-0.20213761925697327,0.9979011416435242,0.43444299697875977,0.2703329026699066,-0.21582351624965668,0.9927705526351929,0.4607733190059662,0.564273476600647,-0.005461324471980333,0.9995647668838501,0.43411287665367126,0.6617516875267029,-0.015910057350993156,0.9972798228263855,0.40916404128074646,0.7607890367507935,0.12382093071937561,0.9967753887176514
37,0.5168203115463257,0.3910073935985565,-0.06277777254581451,0.9982941150665283,0.554961621761322,0.3298374116420746,-0.12200139462947845,0.9983281493186951,0.5279457569122314,0.2619912624359131,-0.17261408269405365,0.9924719929695129,0.5096567869186401,0.5626132488250732,0.00608696648851037,0.9994240403175354,0.5417054295539856,0.665172815322876,0.021967856213450432,0.9941209554672241,0.5685123801231384,0.7683838605880737,0.1499079465866089,0.9936938881874084,0.44545722007751465,0.3956586420536041,-0.08486469089984894,0.9995484948158264,0.4082683026790619,0.33924803137779236,-0.15051060914993286,0.9980574250221252,0.4315354824066162,0.2681918442249298,-0.18738265335559845,0.993202805519104,0.4611038863658905,0.5635536313056946,-0.006142862141132355,0.9995810389518738,0.43629997968673706,0.6616489291191101,-0.025159139186143875,0.9973902702331543,0.4094577431678772,0.7606678605079651,0.11202012747526169,0.9968991279602051
38,0.5185368061065674,0.38405221700668335,-0.06112552434206009,0.9983106255531311,0.560943603515625,0.32883092761039734,-0.1107150986790657,0.998353898525238,0.5431187748908997,0.2587381899356842,-0.1776866614818573,0.9925363063812256,0.5098076462745667,0.5552930235862732,0.005954785738140345,0.9994297027587891,0.5415774583816528,0.6598424315452576,0.011838134378194809,0.9940192103385925,0.5687287449836731,0.7688978314399719,0.11617796123027802,0.9937560558319092,0.44580888748168945,0.38656309247016907,-0.07359638065099716,0.9995485544204712,0.40416333079338074,0.33937832713127136,-0.12165843695402145,0.9981663227081299,0.409562885761261,0.2644820511341095,-0.18523576855659485,0.9935165047645569,0.46110814809799194,0.5543241500854492,-0.0060219839215278625,0.9995894432067871,0.44075849652290344,0.6508530974388123,-0.040702011436223984,0.9974249601364136,0.4111083447933197,0.759266197681427,0.08347164839506149,0.9969567060470581
39,0.5191761255264282,0.38110607862472534,-0.0578463152050972,0.998343825340271,0.5633628964424133,0.328332781791687,-0.10164788365364075,0.9983628392219543,0.5480906367301941,0.2579333782196045,-0.16784657537937164,0.9925764203071594,0.5100545883178711,0.5518115758895874,0.00669731292873621,0.9994339346885681,0.5415246486663818,0.6577924489974976,0.009764530695974827,0.9939119815826416,0.5688911080360413,0.7691304087638855,0.11039596796035767,0.9938176274299622,0.4458317458629608,0.383846253156662,-0.07585266977548599,0.9995547533035278,0.4023105800151825,0.33953168988227844,-0.12443861365318298,0.9982625842094421,0.40407854318618774,0.26325979828834534,-0.18699657917022705,0.9937583804130554,0.461232453584671,0.5502361059188843,-0.006743878126144409,0.9995982050895691,0.4423519968986511,0.6476342082023621,-0.04907865822315216,0.9974643588066101,0.4115953743457794,0.7590613961219788,0.0705522745847702,0.9970331788063049
40,0.5200335383415222,0.37585729360580444,-0.06587766110897064,0.9983519911766052,0.5671177506446838,0.3283858597278595,-0.10807295143604279,0.99833083152771,0.5625828504562378,0.25848546624183655,-0.1773354709148407,0.9924753308296204,0.5104566216468811,0.5460559129714966,0.004736651200801134,0.9994279742240906,0.5413995385169983,0.6535387635231018,0.005723434966057539,0.9938842058181763,0.5687547326087952,0.7688659429550171,0.10458507388830185,0.9938700795173645,0.44602784514427185,0.3779720366001129,-0.0727495476603508,0.999556303024292,0.39951562881469727,0.3404971957206726,-0.1058400347828865,0.9983309507369995,0.38975250720977783,0.264299213886261,-0.18262062966823578,0.9939550757408142,0.46152013540267944,0.5450394749641418,-0.00475465739145875,0.9996022582054138,0.4435575306415558,0.6438221335411072,-0.0438334122300148,0.9974935054779053,0.4146870970726013,0.7586682438850403,0.08077658712863922,0.9970996379852295
41,0.5210031270980835,0.369141548871994,-0.04972989484667778,0.9983294606208801,0.5710719227790833,0.3284918963909149,-0.08284367620944977,0.9981496930122375,0.5792641639709473,0.2585824728012085,-0.16643686592578888,0.9918605089187622,0.5108265280723572,0.5376406311988831,-0.0005765712703578174,0.9994068741798401,0.5393863320350647,0.6417461037635803,-0.014872023835778236,0.993908703327179,0.5669251084327698,0.7644262909889221,0.06698424369096756,0.9939800500869751,0.4461020529270172,0.37157344818115234,-0.0417708121240139,0.9995432496070862,0.39684632420539856,0.3451661467552185,-0.05790644884109497,0.9983733296394348,0.3748150169849396,0.2713492512702942,-0.15480105578899384,0.9941675662994385,0.46233612298965454,0.5379478931427002,0.0005856336210854352,0.9995876550674438,0.44494378566741943,0.6361368894577026,-0.040071163326501846,0.9975246787071228,0.42000994086265564,0.7556549906730652,0.06331673264503479,0.9971300363540649
42,0.5219371318817139,0.3636074662208557,-0.035916589200496674,0.9983745217323303,0.576478123664856,0.3307645618915558,-0.05220282822847366,0.9980853199958801,0.5934423804283142,0.2695622742176056,-0.13484808802604675,0.9917514324188232,0.5122193694114685,0.5308182835578918,-0.0007208824390545487,0.9993780851364136,0.5376530289649963,0.6376008987426758,-0.03157556429505348,0.9938998818397522,0.56380695104599,0.7640202045440674,0.04213853180408478,0.9939896464347839,0.44563764333724976,0.3672633767127991,-0.0446288175880909,0.9995518922805786,0.39201226830482483,0.35002443194389343,-0.059973154217004776,0.9984753727912903,0.36058759689331055,0.28353351354599,-0.15630896389484406,0.9945657253265381,0.4643685817718506,0.5318708419799805,0.0007351167150773108,0.9995625019073486,0.4467848837375641,0.6308072209358215,-0.05529717728495598,0.9975504875183105,0.427385538816452,0.7532472610473633,0.03463970124721527,0.9970886707305908
43,0.5232644081115723,0.3588045537471771,-0.026766691356897354,0.9985044002532959,0.5836633443832397,0.3368922173976898,-0.044710952788591385,0.9981276392936707,0.6069318652153015,0.28311431407928467,-0.14203305542469025,0.991969108581543,0.512850821018219,0.5246555209159851,-0.004417785443365574,0.9993699193000793,0.5341871380805969,0.6372196078300476,-0.020759576931595802,0.9940829277038574,0.5568951368331909,0.7608656287193298,0.0746687576174736,0.9940325021743774,0.4455241560935974,0.362436980009079,-0.03252943232655525,0.9995715022087097,0.38974863290786743,0.3566685616970062,-0.03963462635874748,0.9985658526420593,0.350204199552536,0.30151990056037903,-0.14057902991771698,0.9949532747268677,0.465636670589447,0.5269350409507751,0.004453519359230995,0.9995383620262146,0.4490654170513153,0.6296180486679077,-0.026752352714538574,0.9975557923316956,0.43584123253822327,0.7504732012748718,0.06318353116512299,0.9970141649246216
44,0.5244094729423523,0.35786858201026917,-0.035458143800497055,0.9986368417739868,0.5871194005012512,0.35512596368789673,-0.041244931519031525,0.9982056021690369,0.6171615719795227,0.3080514669418335,-0.14220382273197174,0.9925481081008911,0.51325523853302,0.5204240679740906,-0.0032736773137003183,0.9993578791618347,0.5315964221954346,0.6344636678695679,-0.019223302602767944,0.9941019415855408,0.5479928851127625,0.7579815983772278,0.08319572359323502,0.9939862489700317,0.445515900850296,0.36059316992759705,-0.046445898711681366,0.9995831251144409,0.38958650827407837,0.3661215901374817,-0.05733392760157585,0.9985957145690918,0.3440786898136139,0.32439154386520386,-0.15736743807792664,0.9952747225761414,0.4663317799568176,0.5233689546585083,0.003343205899000168,0.9994974136352539,0.4540294110774994,0.6280925273895264,-0.021907968446612358,0.9975020289421082,0.4438357353210449,0.7494156360626221,0.06937042623758316,0.9968796372413635
45,0.52517169713974,0.3567253649234772,-0.041933074593544006,0.9987600445747375,0.5890401005744934,0.3588571548461914,-0.05745552107691765,0.998305082321167,0.6182557344436646,0.3130074739456177,-0.1467926800251007,0.9930828213691711,0.5132119059562683,0.5197173953056335,-0.0032526571303606033,0.9993634223937988,0.530631959438324,0.6333494186401367,-0.014586331322789192,0.994267463684082,0.546230673789978,0.7559382319450378,0.08971228450536728,0.9941169619560242,0.4455019235610962,0.3594905138015747,-0.05286315083503723,0.999599814414978,0.3891681730747223,0.3682629466056824,-0.055984411388635635,0.9985929727554321,0.3426230847835541,0.3265540301799774,-0.161947101354599,0.9955383539199829,0.46624991297721863,0.5221645832061768,0.00329722766764462,0.9994858503341675,0.45403748750686646,0.6292420625686646,-0.018074553459882736,0.9975207448005676,0.4449666440486908,0.748960554599762,0.09005776792764664,0.9968685507774353
46,0.5256633162498474,0.3568684756755829,-0.05266420170664787,0.9988706111907959,0.5877838134765625,0.36626961827278137,-0.06805534660816193,0.998346745967865,0.6237844228744507,0.32900410890579224,-0.1804942786693573,0.9935232996940613,0.5132372975349426,0.5185906887054443,-0.0029882234521210194,0.9993555545806885,0.5291436910629272,0.6332585215568542,-0.009704074822366238,0.9941655993461609,0.5406002402305603,0.7564879059791565,0.10179638117551804,0.9941620230674744,0.4456162452697754,0.35903674364089966,-0.06186896562576294,0.9995993375778198,0.3896979093551636,0.3755945563316345,-0.064797043800354,0.9984859824180603,0.3395310342311859,0.34665390849113464,-0.17089428007602692,0.9955910444259644,0.4663010239601135,0.5208251476287842,0.003015885828062892,0.9994439482688904,0.45593172311782837,0.6297147870063782,-0.011306351982057095,0.9974015355110168,0.4515959918498993,0.7478538155555725,0.10754566639661789,0.9967603087425232
47,0.5265839099884033,0.35677728056907654,-0.05300655588507652,0.998969554901123,0.5858951210975647,0.37385323643684387,-0.09505914896726608,0.9982926249504089,0.6238869428634644,0.35763731598854065,-0.24311688542366028,0.9937272667884827,0.5132104158401489,0.515663206577301,-0.005407177843153477,0.9993281960487366,0.523813009262085,0.6297901272773743,-0.028011474758386612,0.9938802123069763,0.5316876769065857,0.7550021409988403,0.09868257492780685,0.994019091129303,0.44615820050239563,0.35924580693244934,-0.03780732676386833,0.9995600581169128,0.38984134793281555,0.3852216601371765,-0.033375807106494904,0.9982352256774902,0.3392747640609741,0.3693722188472748,-0.13887085020542145,0.9954389333724976,0.4662299156188965,0.5175841450691223,0.005470396019518375,0.9993464946746826,0.46002545952796936,0.6288831233978271,-0.014491130597889423,0.9971207976341248,0.46071815490722656,0.7473150491714478,0.10811681300401688,0.9964778423309326
48,0.5278123021125793,0.3576066792011261,-0.057612523436546326,0.9990612864494324,0.5844836831092834,0.38508477807044983,-0.07733187079429626,0.9981759190559387,0.6234390139579773,0.38143789768218994,-0.21271675825119019,0.9939247369766235,0.5131804347038269,0.5154265761375427,-0.004920140840113163,0.9992038011550903,0.521271288394928,0.6262969970703125,-0.02818428911268711,0.9930042028427124,0.5243179202079773,0.7534854412078857,0.07901397347450256,0.9934733510017395,0.4466712176799774,0.35989654064178467,-0.04490799084305763,0.9995688796043396,0.39220157265663147,0.3959107995033264,-0.052018653601408005,0.9979134798049927,0.34294307231903076,0.39544597268104553,-0.1695558726787567,0.9953627586364746,0.4662228524684906,0.5159028768539429,0.004961000755429268,0.9991927742958069,0.4654946029186249,0.6205652952194214,-0.060868777334690094,0.9967312812805176,0.4685988426208496,0.7444271445274353,0.05628146976232529,0.9959428310394287
49,0.5282548069953918,0.35768619179725647,-0.06975676119327545,0.9991430640220642,0.5808572173118591,0.3981056213378906,-0.08251873403787613,0.9976522326469421,0.6187230348587036,0.40635940432548523,-0.22821269929409027,0.9936736226081848,0.5133112072944641,0.5134012699127197,-0.004872902762144804,0.9990977644920349,0.5175736546516418,0.6253857016563416,-0.023075886070728302,0.9917876720428467,0.5197069644927979,0.7535890936851501,0.08030083030462265,0.9926803708076477,0.4473867118358612,0.36061617732048035,-0.058718979358673096,0.9995962381362915,0.39922529458999634,0.40969398617744446,-0.05725933983922005,0.9977585077285767,0.34759050607681274,0.4195084869861603,-0.16958460211753845,0.9954788088798523,0.46652746200561523,0.5149381160736084,0.004890736658126116,0.9990714192390442,0.4698183536529541,0.6205676198005676,-0.04774776101112366,0.996086597442627,0.47534608840942383,0.7448751330375671,0.06414523720741272,0.9950194358825684
50,0.5286697745323181,0.3613590896129608,-0.05792144685983658,0.9992226958274841,0.5765464305877686,0.4088207185268402,-0.09696927666664124,0.9969359636306763,0.6147569417953491,0.43232783675193787,-0.2801326811313629,0.9932560324668884,0.5133106112480164,0.5156752467155457,-0.004584773443639278,0.9990318417549133,0.514914333820343,0.6271758675575256,-0.02731640823185444,0.9889994263648987,0.5140807032585144,0.7538145780563354,0.06600778549909592,0.9901207685470581,0.4484719932079315,0.36193931102752686,-0.031264740973711014,0.9996178150177002,0.4094003140926361,0.41928568482398987,-0.03972965106368065,0.9973573684692383,0.3579217493534088,0.4404991567134857,-0.16647285223007202,0.9952083826065063,0.4668627083301544,0.5168584585189819,0.004616494290530682,0.9989622831344604,0.47373586893081665,0.6214435696601868,-0.05376144498586655,0.9946390986442566,0.4790542423725128,0.7462142705917358,0.047136496752500534,0.9928209185600281
51,0.5288145542144775,0.36299020051956177,-0.04161801561713219,0.9992937445640564,0.5746981501579285,0.4103875160217285,-0.0948028564453125,0.9961552619934082,0.6131116151809692,0.4341171085834503,-0.27721476554870605,0.9927138090133667,0.51331627368927,0.5168734192848206,-0.004330494906753302,0.9989582896232605,0.514266312122345,0.6279919147491455,-0.034836530685424805,0.9863941669464111,0.513336718082428,0.753791093826294,0.04785820096731186,0.9876078367233276,0.44898664951324463,0.3623703122138977,-0.01647830381989479,0.9996411800384521,0.41117385029792786,0.4204549193382263,-0.028519820421934128,0.9970403909683228,0.36077362298965454,0.4426654875278473,-0.15720640122890472,0.9950085282325745,0.46702659130096436,0.517750084400177,0.004370641428977251,0.9988843202590942,0.47429266571998596,0.6208013892173767,-0.08074287325143814,0.9938011765480042,0.4792213439941406,0.7468500137329102,0.014325250871479511,0.9911705851554871
52,0.5287783145904541,0.36822593212127686,-0.05913582071661949,0.999363362789154,0.5685151219367981,0.41904157400131226,-0.10369358211755753,0.9961479902267456,0.6055363416671753,0.45441320538520813,-0.29736486077308655,0.993080198764801,0.5130067467689514,0.5184950232505798,-0.006000276189297438,0.9989955425262451,0.5126379132270813,0.6356359720230103,-0.026881856843829155,0.9862555861473083,0.5091050267219543,0.7555225491523743,0.07637076079845428,0.9872687458992004,0.44897177815437317,0.3672110140323639,-0.027224674820899963,0.9996636509895325,0.415374219417572,0.4280894696712494,-0.03506551682949066,0.9964175820350647,0.37868180871009827,0.45391300320625305,-0.1816001534461975,0.9945043325424194,0.4675106704235077,0.5185540318489075,0.006031937897205353,0.998896598815918,0.4769533574581146,0.6311045289039612,-0.007104233372956514,0.9931316375732422,0.4831392765045166,0.7520250678062439,0.09398920089006424,0.990084171295166
53,0.5289079546928406,0.37801504135131836,-0.15742243826389313,0.99942547082901,0.5667012333869934,0.44031286239624023,-0.12603895366191864,0.996266782283783,0.60118168592453,0.4967462718486786,-0.2856627106666565,0.9931248426437378,0.5126184821128845,0.5267279148101807,-0.007978241890668869,0.9990243315696716,0.507671058177948,0.6488458514213562,-0.0005894240457564592,0.9840129017829895,0.5049862265586853,0.7647918462753296,0.10318178683519363,0.9859440922737122,0.448422372341156,0.378256231546402,-0.13301853835582733,0.99969083070755,0.41777876019477844,0.4449335038661957,-0.08163130283355713,0.9960525631904602,0.3754275143146515,0.48915401101112366,-0.17808745801448822,0.9942585229873657,0.46780455112457275,0.5263658165931702,0.007921435870230198,0.9989114999771118,0.47708532214164734,0.6458443999290466,0.02623983472585678,0.9896317720413208,0.4839112162590027,0.7586005330085754,0.13690322637557983,0.9869396686553955
54,0.5287728905677795,0.3859761357307434,-0.1805437058210373,0.9994820952415466,0.5597748160362244,0.45309552550315857,-0.14032886922359467,0.9964613318443298,0.5873693227767944,0.5132845044136047,-0.2613282799720764,0.9934653043746948,0.5108171701431274,0.5338084101676941,-0.007498511113226414,0.9990807771682739,0.5047107338905334,0.6508387923240662,0.00035089589073322713,0.982759416103363,0.502496600151062,0.7659915089607239,0.10348396003246307,0.9851790070533752,0.44769254326820374,0.38634052872657776,-0.16219094395637512,0.9997178316116333,0.42235976457595825,0.45750343799591064,-0.1047758087515831,0.9958765506744385,0.38434767723083496,0.5127289891242981,-0.184217631816864,0.9942018389701843,0.467588871717453,0.5328940153121948,0.007450987119227648,0.9989681243896484,0.47664663195610046,0.6494224667549133,0.01930628903210163,0.9874568581581116,0.4839857518672943,0.7613927125930786,0.1326950490474701,0.9846013188362122
55,0.5282049179077148,0.39561042189598083,-0.18444344401359558,0.9995316863059998,0.5526065230369568,0.4659993052482605,-0.1449485421180725,0.9964656829833984,0.5689976215362549,0.527572512626648,-0.24982395768165588,0.9929308295249939,0.5101107358932495,0.5385780334472656,-0.00665573263540864,0.9991165399551392,0.5040485858917236,0.6537845730781555,-0.002569511067122221,0.9817013144493103,0.5024892091751099,0.7663768529891968,0.10023367404937744,0.9845836162567139,0.44729048013687134,0.3964119553565979,-0.16519030928611755,0.9997403025627136,0.4279867708683014,0.4701540172100067,-0.10352405905723572,0.9951065182685852,0.3971266746520996,0.5322938561439514,-0.18337944149971008,0.9926839470863342,0.46727606654167175,0.5381820201873779,0.006550732534378767,0.9990172982215881,0.4766974449157715,0.6510932445526123,0.0036522571463137865,0.9859747886657715,0.4823256731033325,0.7647750377655029,0.11620794236660004,0.9829193949699402
56,0.5270079374313354,0.4012187719345093,-0.1492445468902588,0.9995741248130798,0.5450138449668884,0.4750065803527832,-0.1223338171839714,0.9957504868507385,0.5518410801887512,0.5330464839935303,-0.20728087425231934,0.9904105067253113,0.5089747905731201,0.5472585558891296,-0.004863332025706768,0.9991333484649658,0.5033102035522461,0.657944917678833,-0.002731744898483157,0.9807142615318298,0.5029149651527405,0.7677878141403198,0.10563287883996964,0.9838002324104309,0.44697877764701843,0.4041065573692322,-0.14049169421195984,0.999762237071991,0.4334186613559723,0.48088279366493225,-0.09094908088445663,0.99440598487854,0.4098016321659088,0.5481294393539429,-0.15725377202033997,0.9910768270492554,0.46660080552101135,0.5454219579696655,0.0047375354915857315,0.9990625381469727,0.4775784909725189,0.6532343029975891,-0.000975509756244719,0.9848756194114685,0.48188355565071106,0.7669163346290588,0.11727043241262436,0.9814783334732056
57,0.526215672492981,0.4018877148628235,-0.15165454149246216,0.9996125102043152,0.5428418517112732,0.4759114682674408,-0.12187191098928452,0.9950227737426758,0.5491191148757935,0.5328280329704285,-0.20262616872787476,0.9877160787582397,0.5082947015762329,0.5475416779518127,-0.004213831853121519,0.9991577863693237,0.5029540061950684,0.6584455966949463,-0.0036705960519611835,0.980415403842926,0.5026325583457947,0.7679265141487122,0.10407735407352448,0.9837061166763306,0.4469757080078125,0.40691742300987244,-0.14861972630023956,0.9997813105583191,0.43408575654029846,0.48337796330451965,-0.09663406759500504,0.9937793016433716,0.41058433055877686,0.5509439706802368,-0.15909257531166077,0.9894084334373474,0.4664881229400635,0.5462372303009033,0.004085460677742958,0.9991057515144348,0.477530300617218,0.6543664336204529,0.0007888232939876616,0.9840883612632751,0.48192793130874634,0.7674081325531006,0.11832746118307114,0.9807169437408447
58,0.5253442525863647,0.4096730947494507,-0.1410306692123413,0.999643862247467,0.5402836799621582,0.48840299248695374,-0.08932862430810928,0.9938545823097229,0.5436598658561707,0.5588042736053467,-0.15747670829296112,0.9830896258354187,0.5072658061981201,0.5568342208862305,-0.004030995070934296,0.9991989731788635,0.5030830502510071,0.6646507382392883,-0.0014209660002961755,0.9798389673233032,0.5022406578063965,0.7705338001251221,0.12044670432806015,0.9831142425537109,0.44671234488487244,0.4149478077888489,-0.13436873257160187,0.9997999668121338,0.43662336468696594,0.4934971034526825,-0.09268009662628174,0.9931354522705078,0.42097175121307373,0.565961480140686,-0.15727028250694275,0.987983763217926,0.4658767879009247,0.5552799701690674,0.003890379797667265,0.9991594552993774,0.47710779309272766,0.6633675694465637,0.010181011632084846,0.9827609658241272,0.4815678596496582,0.7699478268623352,0.14003965258598328,0.9796851873397827
59,0.5240035057067871,0.41465556621551514,-0.12309618294239044,0.9996734261512756,0.5378534197807312,0.4949938952922821,-0.07301319390535355,0.9932649731636047,0.537997841835022,0.5690748691558838,-0.14070317149162292,0.981795072555542,0.5053093433380127,0.5636129379272461,-0.0022052337881177664,0.9992427229881287,0.5036232471466064,0.6703870296478271,0.001825758838094771,0.979282021522522,0.5007902383804321,0.7738282084465027,0.12117286771535873,0.9824599027633667,0.44670426845550537,0.4216064512729645,-0.12723685801029205,0.9998154640197754,0.4409843385219574,0.5003561973571777,-0.09109103679656982,0.9923405647277832,0.43095090985298157,0.5739373564720154,-0.15139643847942352,0.9865734577178955,0.4645083546638489,0.5619224309921265,0.002069014823064208,0.9992093443870544,0.4769250452518463,0.6689723134040833,0.006776853464543819,0.9820903539657593,0.48095449805259705,0.7726278305053711,0.13245177268981934,0.9789960384368896
60,0.5229722261428833,0.416841059923172,-0.12264367938041687,0.9996774196624756,0.5345496535301208,0.4961947202682495,-0.0823284387588501,0.9892181754112244,0.5326083302497864,0.5636324286460876,-0.15336698293685913,0.967361330986023,0.5037856698036194,0.5681642293930054,-0.0024239136837422848,0.9992246627807617,0.5001658201217651,0.6733009815216064,0.006071136798709631,0.9772395491600037,0.4984580874443054,0.7730423212051392,0.1328229457139969,0.9805128574371338,0.4464682936668396,0.4237270951271057,-0.12412406504154205,0.9998224377632141,0.44400811195373535,0.5019795298576355,-0.08652550727128983,0.9888749122619629,0.43719932436943054,0.5727046132087708,-0.1451687067747116,0.9795128703117371,0.46374785900115967,0.5654251575469971,0.002294217236340046,0.9992198944091797,0.47496306896209717,0.6709266901016235,0.015371205285191536,0.9805760383605957,0.4805738031864166,0.7721335291862488,0.14808981120586395,0.9772237539291382
61,0.5218279361724854,0.4189601540565491,-0.12047569453716278,0.9996783137321472,0.5319724082946777,0.4996482729911804,-0.0777929425239563,0.986596405506134,0.5308447480201721,0.5705587863922119,-0.13711081445217133,0.9588158130645752,0.5016497373580933,0.5683921575546265,-0.0029499386437237263,0.9992135167121887,0.4991745054721832,0.6740148067474365,0.004096468444913626,0.9756723046302795,0.4980626106262207,0.7742315530776978,0.11943896859884262,0.979224681854248,0.44550344347953796,0.4237808883190155,-0.12073443830013275,0.9998262524604797,0.4424472153186798,0.5013625025749207,-0.07897588610649109,0.985408365726471,0.4339298903942108,0.5719607472419739,-0.13441689312458038,0.9742960929870605,0.4619816541671753,0.5654264688491821,0.002815031912177801,0.9992227554321289,0.473377525806427,0.6724081039428711,0.014163138344883919,0.9788898825645447,0.4802141487598419,0.7731264233589172,0.13608546555042267,0.9754753708839417
62,0.5202627778053284,0.4178432524204254,-0.12936805188655853,0.9996965527534485,0.5328519344329834,0.4972279369831085,-0.0783340111374855,0.9862308502197266,0.5349074602127075,0.5718193650245667,-0.1550491899251938,0.9574137926101685,0.5002890229225159,0.5673596262931824,-0.004631603602319956,0.9992261528968811,0.49740058183670044,0.6745758652687073,-0.00706746568903327,0.9748873710632324,0.4960154592990875,0.7768491506576538,0.11188564449548721,0.9786174893379211,0.44351106882095337,0.42157042026519775,-0.1201915591955185,0.9998306035995483,0.4397413730621338,0.4979267120361328,-0.07701963931322098,0.9816702604293823,0.428171843290329,0.5741429924964905,-0.13868476450443268,0.9701732993125916,0.4599185287952423,0.5638611912727356,0.004505305550992489,0.9992383718490601,0.4714060127735138,0.6713785529136658,0.010812455788254738,0.9779843091964722,0.47974321246147156,0.7738026976585388,0.13425318896770477,0.9749252796173096
