frame,l_shoulder_x,l_shoulder_y,l_shoulder_z,l_shoulder_vis,l_hip_x,l_hip_y,l_hip_z,l_hip_vis,l_knee_x,l_knee_y,l_knee_z,l_knee_vis,l_ankle_x,l_ankle_y,l_ankle_z,l_ankle_vis,r_shoulder_x,r_shoulder_y,r_shoulder_z,r_shoulder_vis,r_hip_x,r_hip_y,r_hip_z,r_hip_vis,r_knee_x,r_knee_y,r_knee_z,r_knee_vis,r_ankle_x,r_ankle_y,r_ankle_z,r_ankle_vis
0,0.7312971353530884,0.47202062606811523,-0.4971214830875397,0.9999030828475952,0.7250795960426331,0.6370896100997925,-0.17357192933559418,0.9967172741889954,0.7169848680496216,0.7523256540298462,-0.02967837266623974,0.9645651578903198,0.7814435958862305,0.8621224164962769,0.1631249189376831,0.9705286622047424,0.6852243542671204,0.4725470542907715,0.05437565594911575,0.9973637461662292,0.6928942799568176,0.6359090209007263,0.17337743937969208,0.991517961025238,0.7012079358100891,0.7417805790901184,0.33714306354522705,0.4384608268737793,0.7559064030647278,0.8415557742118835,0.5810823440551758,0.5093038082122803
1,0.7268552184104919,0.4716324508190155,-0.5550071001052856,0.9999105930328369,0.7140316963195801,0.6355243921279907,-0.19212064146995544,0.9968997836112976,0.7072887420654297,0.7486083507537842,-0.07053925096988678,0.9652104377746582,0.7751984596252441,0.8606289029121399,0.1315155327320099,0.9721960425376892,0.6839647889137268,0.47249844670295715,0.05430922284722328,0.9974918365478516,0.6862596869468689,0.6349353790283203,0.19180595874786377,0.9919876456260681,0.685981273651123,0.7408646941184998,0.3055526912212372,0.44627144932746887,0.7542016506195068,0.8415564894676208,0.5644152164459229,0.5252869725227356
2,0.7177721261978149,0.47134044766426086,-0.545412540435791,0.9999175071716309,0.6980881690979004,0.6346302628517151,-0.19194047152996063,0.9971462488174438,0.6794432997703552,0.7463774085044861,-0.1217910572886467,0.9648951292037964,0.7623332738876343,0.8583265542984009,0.03044733963906765,0.9732517600059509,0.6853994131088257,0.4722380042076111,0.09203799813985825,0.9976233839988708,0.6848816871643066,0.633033037185669,0.1916539967060089,0.99260014295578,0.684806227684021,0.7377667427062988,0.2866780459880829,0.44945695996284485,0.7520937919616699,0.841772198677063,0.4610729515552521,0.5362350344657898
3,0.7143201231956482,0.47134795784950256,-0.5387294292449951,0.9999237656593323,0.6942903995513916,0.6336721777915955,-0.19122947752475739,0.9973665475845337,0.6715087294578552,0.7444883584976196,-0.13460105657577515,0.965305745601654,0.7576731443405151,0.8563147783279419,0.006799279246479273,0.9745574593544006,0.6857444047927856,0.47224289178848267,0.09437062591314316,0.9977532029151917,0.6840910911560059,0.6310610175132751,0.19095152616500854,0.9931548237800598,0.6840700507164001,0.7359416484832764,0.2728712558746338,0.45621171593666077,0.7502299547195435,0.8420340418815613,0.4324170649051666,0.5512523651123047
4,0.7138413190841675,0.47051364183425903,-0.5306807160377502,0.999928891658783,0.6986448168754578,0.6327125430107117,-0.190907821059227,0.9975351095199585,0.6501203179359436,0.7432954907417297,-0.06764411181211472,0.9682669639587402,0.7203033566474915,0.8561520576477051,0.14814677834510803,0.9761033654212952,0.6839643716812134,0.47144410014152527,0.08712559938430786,0.997935950756073,0.6942048668861389,0.6302549242973328,0.19053183495998383,0.9936971664428711,0.6896684169769287,0.7361994981765747,0.3120812177658081,0.48532283306121826,0.7557789087295532,0.8449462652206421,0.5326936841011047,0.5847460627555847
5,0.7145112752914429,0.4705248773097992,-0.48683109879493713,0.9999357461929321,0.7007780075073242,0.6299479603767395,-0.19407080113887787,0.9977542161941528,0.635826051235199,0.7416493892669678,-0.08418736606836319,0.9706557393074036,0.6552082896232605,0.8610450625419617,0.10137800872325897,0.9778923392295837,0.6708634495735168,0.4722155034542084,0.1897982656955719,0.9981308579444885,0.6933207511901855,0.6295983195304871,0.19385506212711334,0.9942840933799744,0.7001301646232605,0.7370427846908569,0.3059041202068329,0.5152988433837891,0.7735669016838074,0.8475391268730164,0.48915955424308777,0.6194510459899902
6,0.7154619097709656,0.4689389169216156,-0.4404034912586212,0.9999420642852783,0.704036295413971,0.6271528005599976,-0.19573062658309937,0.997940719127655,0.6200301051139832,0.7406227588653564,-0.14144492149353027,0.9694793224334717,0.5986196994781494,0.8644545674324036,-0.03944828733801842,0.978766143321991,0.6569939851760864,0.47208765149116516,0.2419338971376419,0.9983119368553162,0.6888300180435181,0.6263502836227417,0.19554607570171356,0.9947891235351562,0.703561544418335,0.7374354004859924,0.24931839108467102,0.5232072472572327,0.7781708240509033,0.8498162627220154,0.3473854959011078,0.6433107852935791
7,0.7157005667686462,0.46974918246269226,-0.4306057393550873,0.9999470710754395,0.7044903039932251,0.6280142664909363,-0.1958138346672058,0.9980942606925964,0.607243537902832,0.7412555813789368,-0.20229358971118927,0.9614313840866089,0.544437825679779,0.868363082408905,-0.14958661794662476,0.9784305095672607,0.6525912284851074,0.4713985323905945,0.26566800475120544,0.9984754920005798,0.6881142854690552,0.626918613910675,0.19571897387504578,0.9952407479286194,0.7070408463478088,0.7386425733566284,0.27119919657707214,0.5105997920036316,0.7838698625564575,0.8509030938148499,0.38745471835136414,0.6545926928520203
8,0.7155437469482422,0.4730558395385742,-0.39695706963539124,0.9999467134475708,0.7048035264015198,0.630556583404541,-0.19482624530792236,0.9982167482376099,0.6003482937812805,0.7433652877807617,-0.235312819480896,0.953334391117096,0.5023021101951599,0.8674771785736084,-0.23256781697273254,0.9788963794708252,0.6460863351821899,0.472304105758667,0.27188044786453247,0.9986125826835632,0.6853618025779724,0.6278150081634521,0.19472655653953552,0.9956340193748474,0.7130381464958191,0.7419912815093994,0.27796801924705505,0.491216778755188,0.7883443832397461,0.8518272042274475,0.3927963078022003,0.6669647097587585
9,0.7142964601516724,0.4760081171989441,-0.4045499563217163,0.9999452829360962,0.7050427794456482,0.6323374509811401,-0.19424715638160706,0.9983269572257996,0.5982226729393005,0.7451751232147217,-0.22237810492515564,0.9455624222755432,0.49761584401130676,0.8669227361679077,-0.20295114815235138,0.9792256355285645,0.6492456197738647,0.47230830788612366,0.2782374322414398,0.9987359642982483,0.6850724220275879,0.6279125213623047,0.1941862255334854,0.9959946870803833,0.7166993021965027,0.7440802454948425,0.28423812985420227,0.4753611087799072,0.7900167107582092,0.8521134257316589,0.40422144532203674,0.676996111869812
10,0.7101824879646301,0.4762580394744873,-0.3837127983570099,0.9999405741691589,0.6997437477111816,0.6351056694984436,-0.19581912457942963,0.998391330242157,0.5901011824607849,0.7494286298751831,-0.23946958780288696,0.9359968304634094,0.467388778924942,0.8667554259300232,-0.24464178085327148,0.9796658754348755,0.651411235332489,0.47227993607521057,0.29919105768203735,0.998837947845459,0.6835745573043823,0.6292288303375244,0.1959557980298996,0.9962518811225891,0.7157739996910095,0.7467485070228577,0.2887394428253174,0.45772305130958557,0.79215008020401,0.8521137833595276,0.406565397977829,0.6851174831390381
11,0.7082914113998413,0.4766111373901367,-0.38556745648384094,0.9999378323554993,0.689677357673645,0.64026939868927,-0.2049538642168045,0.9984543323516846,0.5754880905151367,0.7562627196311951,-0.25735872983932495,0.931454598903656,0.4397614300251007,0.86760014295578,-0.27202585339546204,0.9806949496269226,0.6530189514160156,0.4727678596973419,0.31074997782707214,0.9989299774169922,0.6824361085891724,0.6333181858062744,0.20529800653457642,0.9964704513549805,0.7138347625732422,0.7499085664749146,0.3013516962528229,0.45226240158081055,0.7952629327774048,0.8519873023033142,0.4173121452331543,0.6992915868759155
12,0.7008509039878845,0.47863543033599854,-0.39647766947746277,0.9999346733093262,0.680025577545166,0.6453886032104492,-0.20755821466445923,0.9985446333885193,0.5530246496200562,0.7586260437965393,-0.27243393659591675,0.9297963976860046,0.4258512258529663,0.869809091091156,-0.2881772816181183,0.9818564653396606,0.6478627920150757,0.47583848237991333,0.30637991428375244,0.9990072846412659,0.6754723191261292,0.6386343240737915,0.20792792737483978,0.9967088103294373,0.6983698010444641,0.7535662055015564,0.30981433391571045,0.45677700638771057,0.7971459031105042,0.8518012762069702,0.42388367652893066,0.7159845232963562
13,0.6931133270263672,0.483586847782135,-0.4022435247898102,0.9999317526817322,0.661078691482544,0.6542918682098389,-0.21497739851474762,0.9986501932144165,0.5309857726097107,0.7663121819496155,-0.2736566364765167,0.9327958226203918,0.4114916920661926,0.8753941655158997,-0.28575068712234497,0.9834046363830566,0.6364815831184387,0.4818306863307953,0.29588374495506287,0.9990691542625427,0.656153678894043,0.6470396518707275,0.21531075239181519,0.9969444870948792,0.6798868179321289,0.7580718398094177,0.3572879433631897,0.4750532805919647,0.7986804246902466,0.8514761924743652,0.5097385048866272,0.7360791563987732
14,0.6745799779891968,0.4876738488674164,-0.4076251983642578,0.9999309182167053,0.6461113691329956,0.6576449275016785,-0.219152569770813,0.998741865158081,0.5129498243331909,0.7674289345741272,-0.27581289410591125,0.9364135265350342,0.40074560046195984,0.8807215094566345,-0.2787867486476898,0.9847309589385986,0.6218929886817932,0.4861280620098114,0.29860737919807434,0.9991152882575989,0.6351463794708252,0.6517021059989929,0.21944279968738556,0.997125506401062,0.6505451202392578,0.7616668939590454,0.36703717708587646,0.49486327171325684,0.7984544038772583,0.8489757776260376,0.5191412568092346,0.7532300353050232
15,0.6698125004768372,0.4887963831424713,-0.4106717109680176,0.9999269843101501,0.6441377997398376,0.6580386161804199,-0.21999621391296387,0.9988163709640503,0.5136299729347229,0.768186092376709,-0.26923561096191406,0.9366278052330017,0.4037231504917145,0.8816102743148804,-0.26450955867767334,0.9856244921684265,0.6185880899429321,0.48790329694747925,0.2959536910057068,0.9991756677627563,0.635684609413147,0.6518842577934265,0.22023482620716095,0.9973156452178955,0.6546856164932251,0.7635934352874756,0.3738878667354584,0.5006985068321228,0.7971028089523315,0.8486859202384949,0.5375434160232544,0.7645152807235718
16,0.6570572257041931,0.4946413040161133,-0.45518001914024353,0.9999244213104248,0.6435671448707581,0.66241055727005,-0.2269008904695511,0.9989039897918701,0.49274617433547974,0.7678725719451904,-0.29027700424194336,0.9408974051475525,0.3933236598968506,0.8867460489273071,-0.27809813618659973,0.986829936504364,0.6051385402679443,0.4928729832172394,0.27769771218299866,0.9992354512214661,0.619380533695221,0.6576905846595764,0.22704529762268066,0.9975184798240662,0.6376375555992126,0.7708051800727844,0.4732257127761841,0.5130558609962463,0.7961708903312683,0.8475158214569092,0.7397759556770325,0.7765316963195801
17,0.6384997963905334,0.5077381134033203,-0.4477178752422333,0.9999256730079651,0.635733962059021,0.6757066249847412,-0.240337535738945,0.9989991784095764,0.4666333496570587,0.768993616104126,-0.30173128843307495,0.9458131194114685,0.3830464780330658,0.8910202980041504,-0.29960814118385315,0.987982988357544,0.588901698589325,0.5038778781890869,0.302031546831131,0.9992926716804504,0.60701984167099,0.6706238985061646,0.2404022365808487,0.9977375268936157,0.6169974207878113,0.7800272703170776,0.48279571533203125,0.5364639163017273,0.7959912419319153,0.845544695854187,0.7258425951004028,0.7929355502128601
18,0.6220920085906982,0.516211748123169,-0.44460245966911316,0.9999294877052307,0.6329222321510315,0.6844342947006226,-0.24789682030677795,0.9990872740745544,0.4454605281352997,0.7683584690093994,-0.3334355652332306,0.9501903057098389,0.37672433257102966,0.8914645314216614,-0.34640029072761536,0.9889665246009827,0.5672951936721802,0.5150635838508606,0.32429981231689453,0.9993512630462646,0.5985036492347717,0.6804672479629517,0.24795417487621307,0.9979467988014221,0.5992215871810913,0.7910485863685608,0.4501483738422394,0.5651206374168396,0.7872384786605835,0.8396360278129578,0.6677592992782593,0.8093699216842651
19,0.6012513041496277,0.5287507176399231,-0.44253861904144287,0.9999329447746277,0.6153773069381714,0.6939756870269775,-0.24313244223594666,0.9991698265075684,0.4213116765022278,0.7679078578948975,-0.28820139169692993,0.9544392824172974,0.3715132772922516,0.8909761905670166,-0.224656879901886,0.9898822903633118,0.5616111159324646,0.5285689830780029,0.3110261559486389,0.9993970394134521,0.5888698697090149,0.6896043419837952,0.24323111772537231,0.99814373254776,0.5858285427093506,0.8032068610191345,0.4244670569896698,0.5985433459281921,0.7749927639961243,0.8342639207839966,0.6331900358200073,0.8261839747428894
20,0.5884405374526978,0.5379627346992493,-0.42925840616226196,0.9999310970306396,0.6071004867553711,0.7023094892501831,-0.24292556941509247,0.9992407560348511,0.43374302983283997,0.7749033570289612,-0.11536452174186707,0.9581314325332642,0.3683083653450012,0.8916994333267212,0.11814039200544357,0.9905994534492493,0.5449415445327759,0.535389244556427,0.33140718936920166,0.999427855014801,0.5656440854072571,0.696815550327301,0.24303960800170898,0.9983251094818115,0.5737183094024658,0.811446487903595,0.21235765516757965,0.6338238716125488,0.7581928372383118,0.8314255475997925,0.23560978472232819,0.8418067693710327
21,0.5930283069610596,0.539577305316925,-0.41277453303337097,0.9999135732650757,0.6115142703056335,0.7051121592521667,-0.22618559002876282,0.9993094801902771,0.5400779247283936,0.8102177977561951,-0.12657132744789124,0.9622035622596741,0.7468011379241943,0.8397356867790222,0.09971906244754791,0.9913791418075562,0.5338205099105835,0.5358287692070007,0.31766507029533386,0.9994738101959229,0.5580843091011047,0.6987349390983582,0.22597482800483704,0.9984920620918274,0.4090151786804199,0.7600637674331665,-0.03818308934569359,0.6673794984817505,0.37390220165252686,0.881246030330658,-0.03442137688398361,0.8567444682121277
22,0.5757529735565186,0.5505033135414124,-0.48092907667160034,0.9999058246612549,0.6049301028251648,0.712558925151825,-0.24306362867355347,0.9993588328361511,0.4559314548969269,0.7991775274276733,-0.03389710187911987,0.9646484851837158,0.4040568768978119,0.8764193654060364,0.29390788078308105,0.991832435131073,0.5352524518966675,0.5436111092567444,0.2899889647960663,0.9994869828224182,0.5571810603141785,0.704806923866272,0.24315601587295532,0.9986382722854614,0.5185399055480957,0.8154606819152832,0.13742558658123016,0.6961081027984619,0.6905690431594849,0.8472983837127686,0.16479770839214325,0.8693241477012634
23,0.5614539980888367,0.5618770718574524,-0.4654196798801422,0.9998884201049805,0.594024121761322,0.7224337458610535,-0.24353750050067902,0.9993968605995178,0.5043902397155762,0.8299873471260071,-0.07140520960092545,0.9675596952438354,0.4953530430793762,0.8837743997573853,0.20177486538887024,0.9923230409622192,0.5222668647766113,0.552288293838501,0.28639742732048035,0.9994878172874451,0.5445724725723267,0.712648332118988,0.24362581968307495,0.9987691044807434,0.4903618097305298,0.8013530969619751,0.11608221381902695,0.7221781611442566,0.6495766043663025,0.8562910556793213,0.16353780031204224,0.8802515864372253
24,0.5552321076393127,0.5683344006538391,-0.41408416628837585,0.9998923540115356,0.5925843119621277,0.728286623954773,-0.24128876626491547,0.9994500875473022,0.4538949728012085,0.8154773116111755,-0.11611342430114746,0.9701986312866211,0.39524155855178833,0.8866268396377563,0.1130092516541481,0.9926949143409729,0.5087687373161316,0.561474084854126,0.30414527654647827,0.9995206594467163,0.5413220524787903,0.7200510501861572,0.24135470390319824,0.9988901019096375,0.5061274766921997,0.808085560798645,0.16601307690143585,0.7461215257644653,0.7326990365982056,0.8378005623817444,0.16945530474185944,0.8905497789382935
25,0.5434999465942383,0.5777336359024048,-0.44691213965415955,0.9998939633369446,0.5879719257354736,0.7356580495834351,-0.24014291167259216,0.9994961619377136,0.4298418462276459,0.8091007471084595,-0.1312306821346283,0.971830427646637,0.3741733431816101,0.8889126181602478,0.16072221100330353,0.9924951791763306,0.5039684772491455,0.5707031488418579,0.2888873219490051,0.9995325803756714,0.5369482040405273,0.7269504070281982,0.24023012816905975,0.9989981651306152,0.5199218392372131,0.8182181119918823,0.19172435998916626,0.7684632539749146,0.7497218251228333,0.8341147303581238,0.21665745973587036,0.9003530144691467
26,0.5272933840751648,0.5877705812454224,-0.4542062282562256,0.9998983144760132,0.5861583352088928,0.7421079874038696,-0.2426053136587143,0.9995391368865967,0.4139322340488434,0.8082823753356934,-0.147991344332695,0.9730661511421204,0.37197616696357727,0.8893522620201111,0.13312764465808868,0.9923863410949707,0.5016743540763855,0.5772318243980408,0.2875545620918274,0.9995453357696533,0.5428492426872253,0.7332724928855896,0.2427259087562561,0.9990954995155334,0.5392804741859436,0.8526215553283691,0.2633313536643982,0.7881907820701599,0.7476198673248291,0.834749698638916,0.3404884934425354,0.9093903303146362
27,0.5335386991500854,0.588589608669281,-0.4207938611507416,0.9999014139175415,0.5865808129310608,0.7429913878440857,-0.24300533533096313,0.999578595161438,0.3662463426589966,0.7654305696487427,-0.1816495656967163,0.9740443825721741,0.3718688189983368,0.8887865543365479,0.054008208215236664,0.9922993183135986,0.49481308460235596,0.5813884139060974,0.3236440122127533,0.9995728731155396,0.5412995219230652,0.7346353530883789,0.2431182861328125,0.999184250831604,0.5487480759620667,0.8569272756576538,0.26910579204559326,0.8060111403465271,0.7490841746330261,0.8352478742599487,0.39120030403137207,0.9175426363945007
28,0.5325234532356262,0.5936928987503052,-0.41571667790412903,0.9999040961265564,0.5879610180854797,0.7461512088775635,-0.2432927042245865,0.9996154308319092,0.39390161633491516,0.7740168571472168,-0.20968693494796753,0.9753006100654602,0.3745673596858978,0.8884662985801697,0.058476004749536514,0.9921234846115112,0.4886157214641571,0.5856932401657104,0.33152133226394653,0.9995981454849243,0.5416014194488525,0.7375401854515076,0.24338826537132263,0.9992644786834717,0.5553534626960754,0.8603114485740662,0.2731724679470062,0.8222833871841431,0.747950553894043,0.8349696397781372,0.4299241602420807,0.9249890446662903
29,0.5262687802314758,0.600394606590271,-0.41151392459869385,0.9999074935913086,0.5878334641456604,0.7489252090454102,-0.24287176132202148,0.9996500611305237,0.3685179054737091,0.7627512216567993,-0.2235289365053177,0.9770671725273132,0.3772004246711731,0.8884648680686951,-0.04063494876027107,0.9924753308296204,0.48668116331100464,0.5905306339263916,0.32551896572113037,0.9996244311332703,0.5447518229484558,0.7423695921897888,0.24295039474964142,0.9993370175361633,0.5584185123443604,0.8646293878555298,0.28488484025001526,0.8381000757217407,0.7461774945259094,0.834684431552887,0.547276496887207,0.9317203164100647
30,0.5239685773849487,0.6063509583473206,-0.4146761894226074,0.9999114871025085,0.5881622433662415,0.7523595690727234,-0.24250555038452148,0.9996823072433472,0.3637397587299347,0.7623053789138794,-0.22037982940673828,0.9787382483482361,0.38020452857017517,0.8888742923736572,-0.045477043837308884,0.9928192496299744,0.48371344804763794,0.5944381356239319,0.30617043375968933,0.9996535778045654,0.5461732745170593,0.7451158165931702,0.2425968199968338,0.9994025826454163,0.5622478723526001,0.8685120344161987,0.29180291295051575,0.8525676131248474,0.7448429465293884,0.8347458243370056,0.5815122127532959,0.937641978263855
31,0.5158683657646179,0.6104731559753418,-0.3459024429321289,0.9999147057533264,0.5861555337905884,0.7553341388702393,-0.2425614893436432,0.9997117519378662,0.36124080419540405,0.7595995664596558,-0.22532829642295837,0.980279803276062,0.3808881342411041,0.8887970447540283,-0.13260473310947418,0.9930638074874878,0.487892746925354,0.6011690497398376,0.3703843951225281,0.999664843082428,0.5480595231056213,0.7498202919960022,0.24263085424900055,0.9994611740112305,0.565234363079071,0.8715676069259644,0.30992406606674194,0.8649142384529114,0.7434232831001282,0.8350030779838562,0.5982481241226196,0.9428116083145142
32,0.5136282444000244,0.6146366000175476,-0.3398401737213135,0.9999182224273682,0.5861895084381104,0.7588037252426147,-0.24365831911563873,0.9997380971908569,0.36143502593040466,0.7603516578674316,-0.2855926752090454,0.9817948937416077,0.38317403197288513,0.8891430497169495,-0.2136174440383911,0.9933649301528931,0.48705533146858215,0.6054455637931824,0.3772631585597992,0.9996704459190369,0.5490697026252747,0.7533501982688904,0.2437257319688797,0.9995135068893433,0.5680774450302124,0.8741596341133118,0.3313334882259369,0.8761712312698364,0.7432852387428284,0.8350147008895874,0.6499029994010925,0.9474809169769287
33,0.5148986577987671,0.6150223612785339,-0.3245411515235901,0.9999215602874756,0.5852922797203064,0.7584039568901062,-0.2434462457895279,0.9997615218162537,0.3604834973812103,0.7602890133857727,-0.2553177773952484,0.9830171465873718,0.38504305481910706,0.889314591884613,-0.18849340081214905,0.9935222268104553,0.4866958558559418,0.6075383424758911,0.38428995013237,0.9996800422668457,0.549484133720398,0.7538724541664124,0.24351079761981964,0.9995605945587158,0.5693783760070801,0.8753097653388977,0.31304284930229187,0.8861013054847717,0.7452879548072815,0.8351360559463501,0.5864731669425964,0.9513722658157349
34,0.5102095603942871,0.6182109713554382,-0.31769075989723206,0.9999242424964905,0.5853973627090454,0.759875476360321,-0.2430005520582199,0.999782383441925,0.3616372048854828,0.7607817649841309,-0.2608165442943573,0.9840774536132812,0.38637775182724,0.8896373510360718,-0.20606380701065063,0.9935996532440186,0.4838273823261261,0.6112285256385803,0.38770410418510437,0.9996793270111084,0.5498378276824951,0.7565445303916931,0.24308925867080688,0.9996025562286377,0.5692213177680969,0.8771096467971802,0.30842679738998413,0.894707202911377,0.7445756196975708,0.8352615237236023,0.5744428634643555,0.9548628330230713
35,0.5073298215866089,0.6204016804695129,-0.3059210181236267,0.9999238848686218,0.5848221182823181,0.7605290412902832,-0.242617666721344,0.999800443649292,0.36180371046066284,0.7597835659980774,-0.28044790029525757,0.9848230481147766,0.38711896538734436,0.889976978302002,-0.25314876437187195,0.9934393763542175,0.48321816325187683,0.6139163970947266,0.39505845308303833,0.9996562600135803,0.5517781972885132,0.7585690021514893,0.2427304983139038,0.9996395707130432,0.5691129565238953,0.8769321441650391,0.3070911765098572,0.9020712375640869,0.7443039417266846,0.835156261920929,0.5790684819221497,0.957429826259613
36,0.5008577704429626,0.6223549246788025,-0.31132006645202637,0.9999252557754517,0.5831029415130615,0.7614753246307373,-0.24055151641368866,0.9998167753219604,0.35998445749282837,0.7597635388374329,-0.2563205361366272,0.9855133891105652,0.3875996768474579,0.8904962539672852,-0.17848561704158783,0.9933117032051086,0.4837154150009155,0.6147563457489014,0.38434725999832153,0.9996563792228699,0.5542768239974976,0.7582200169563293,0.24068984389305115,0.99967360496521,0.5690422058105469,0.8770036697387695,0.2950882017612457,0.9089547991752625,0.7438784837722778,0.835039496421814,0.5607450008392334,0.959911048412323
37,0.49366331100463867,0.6230499148368835,-0.320122092962265,0.9999264478683472,0.5815304517745972,0.7621804475784302,-0.24053910374641418,0.9998323321342468,0.35814815759658813,0.7602206468582153,-0.25260311365127563,0.986234188079834,0.3879648745059967,0.8905031681060791,-0.18033558130264282,0.993331253528595,0.4810118079185486,0.6147192120552063,0.37984463572502136,0.9996595978736877,0.5550159811973572,0.7580046057701111,0.24067331850528717,0.9997046589851379,0.5691575407981873,0.8770443201065063,0.3023551106452942,0.914912760257721,0.7438213229179382,0.8346917629241943,0.6127942800521851,0.9619498252868652
38,0.4899802803993225,0.6223224997520447,-0.31237345933914185,0.9999275803565979,0.580430805683136,0.7624079585075378,-0.24051380157470703,0.9998459815979004,0.35720884799957275,0.7606146335601807,-0.24983958899974823,0.9866814017295837,0.38813111186027527,0.8907631039619446,-0.19391712546348572,0.9932342767715454,0.4822429120540619,0.6156374216079712,0.3851517140865326,0.9996554851531982,0.5563693046569824,0.7585569024085999,0.2406541258096695,0.9997320771217346,0.5690563917160034,0.8768113851547241,0.31028980016708374,0.9193724393844604,0.743582010269165,0.8347129821777344,0.605294942855835,0.9633277654647827
39,0.49132999777793884,0.6221131682395935,-0.3078624904155731,0.9999285936355591,0.5799759030342102,0.7620915174484253,-0.24033820629119873,0.9998579025268555,0.3572857081890106,0.7605785131454468,-0.2217268943786621,0.9870098829269409,0.38824227452278137,0.8907161355018616,-0.15526072680950165,0.9930024743080139,0.4799775779247284,0.6148303747177124,0.38612687587738037,0.9996638298034668,0.5566619038581848,0.758257269859314,0.24047861993312836,0.9997571706771851,0.5689731240272522,0.8761536478996277,0.29408469796180725,0.923889696598053,0.7433345317840576,0.8347294330596924,0.5839895009994507,0.9645445346832275
40,0.49149513244628906,0.6217893362045288,-0.29646795988082886,0.9999279975891113,0.5792450308799744,0.7614657878875732,-0.23977583646774292,0.9998677968978882,0.35773545503616333,0.7601110339164734,-0.22394384443759918,0.9872044920921326,0.3883651793003082,0.8905147314071655,-0.15974552929401398,0.9927706718444824,0.47919657826423645,0.6146194338798523,0.39130330085754395,0.9996641874313354,0.5566858053207397,0.7580658793449402,0.23992016911506653,0.999779224395752,0.5687821507453918,0.8759464025497437,0.28657349944114685,0.9278721213340759,0.7431732416152954,0.8346799612045288,0.5831044912338257,0.9657019972801208
41,0.4928196668624878,0.6207401156425476,-0.28347188234329224,0.9999296069145203,0.578797459602356,0.7608045935630798,-0.23842349648475647,0.9998769164085388,0.3573133051395416,0.7602951526641846,-0.189103364944458,0.9874112010002136,0.3883790075778961,0.8901129364967346,-0.08293399214744568,0.9925745129585266,0.47390419244766235,0.6130642294883728,0.39608901739120483,0.9996835589408875,0.5564203858375549,0.7571591138839722,0.23850670456886292,0.9997999668121338,0.5687485933303833,0.8757299184799194,0.2182062268257141,0.9327555298805237,0.7434441447257996,0.8345634341239929,0.43867120146751404,0.9672987461090088
42,0.49301251769065857,0.619961678981781,-0.27787768840789795,0.9999300837516785,0.5789376497268677,0.7605181336402893,-0.2352321892976761,0.9998838901519775,0.3566913306713104,0.7604075074195862,-0.1641281694173813,0.9872776865959167,0.388213574886322,0.889926016330719,-0.0483674593269825,0.9922000765800476,0.4753284454345703,0.6123425364494324,0.3940170705318451,0.999698281288147,0.5574513077735901,0.757030725479126,0.23531335592269897,0.9998182058334351,0.5685581564903259,0.8750796318054199,0.2097824662923813,0.9368090033531189,0.74396151304245,0.8343765735626221,0.42241084575653076,0.9684827327728271
43,0.4942808151245117,0.6164796948432922,-0.28762149810791016,0.9999260902404785,0.5817326903343201,0.7589713335037231,-0.23531261086463928,0.9998897314071655,0.35739457607269287,0.7605264782905579,-0.17010025680065155,0.9866213202476501,0.3881116807460785,0.8895188570022583,-0.04671107977628708,0.9917967915534973,0.47557342052459717,0.6100109815597534,0.38477739691734314,0.9997023344039917,0.558994710445404,0.754385769367218,0.23539859056472778,0.9998345971107483,0.5688573718070984,0.8726625442504883,0.269031286239624,0.9383994936943054,0.7465066313743591,0.8343470692634583,0.4309433400630951,0.9695936441421509
44,0.5016226172447205,0.6088947653770447,-0.28854045271873474,0.9999184608459473,0.5841471552848816,0.7522333264350891,-0.23536281287670135,0.9998930096626282,0.35788866877555847,0.7604763507843018,-0.20993909239768982,0.9857240319252014,0.3878192603588104,0.8892821669578552,-0.12258662283420563,0.9913092851638794,0.48188140988349915,0.6040101647377014,0.39447033405303955,0.9996882081031799,0.5644227862358093,0.7484543919563293,0.2354743778705597,0.9998477101325989,0.5687931776046753,0.8665308356285095,0.2866152226924896,0.9378640055656433,0.748557448387146,0.8341594934463501,0.4672098159790039,0.9696762561798096
45,0.5049942135810852,0.6069124341011047,-0.2925572991371155,0.9999149441719055,0.5855178236961365,0.7500723600387573,-0.2356189489364624,0.9998980760574341,0.35824450850486755,0.7602992057800293,-0.21095502376556396,0.9854941964149475,0.3877719044685364,0.8889634013175964,-0.12182492017745972,0.9911972284317017,0.4825819730758667,0.6014505624771118,0.3928682208061218,0.9996905326843262,0.5650233030319214,0.7456548810005188,0.23574738204479218,0.9998607635498047,0.5687395334243774,0.8640540242195129,0.30196481943130493,0.9391650557518005,0.7494681477546692,0.8337282538414001,0.523462176322937,0.9704296588897705
46,0.5126091837882996,0.6002649068832397,-0.3732375502586365,0.9999107718467712,0.5906851291656494,0.7471961975097656,-0.24398894608020782,0.9999029636383057,0.35948556661605835,0.7603506445884705,-0.17597956955432892,0.984656035900116,0.38742515444755554,0.8884091973304749,0.018436061218380928,0.9911676645278931,0.48649662733078003,0.5967910289764404,0.358202189207077,0.9996846914291382,0.5648335218429565,0.7407770156860352,0.244209885597229,0.9998731017112732,0.5682703256607056,0.857296884059906,0.3373521864414215,0.9399966597557068,0.7493386268615723,0.8334922194480896,0.5066591501235962,0.9719452261924744
47,0.5183802843093872,0.5892876386642456,-0.36556172370910645,0.9998996257781982,0.5954363942146301,0.7380750179290771,-0.24469240009784698,0.9999039769172668,0.3919000029563904,0.78068608045578,-0.18439434468746185,0.9846268892288208,0.3870146572589874,0.8879457116127014,-0.02718271128833294,0.9913617968559265,0.4963473081588745,0.5857967734336853,0.3592541515827179,0.9996305108070374,0.563558042049408,0.7321500182151794,0.24496318399906158,0.9998828172683716,0.5660471320152283,0.8493130207061768,0.33474162220954895,0.9416032433509827,0.7497725486755371,0.8327004909515381,0.3903542757034302,0.9731165766716003
48,0.5328607559204102,0.5796234607696533,-0.36574888229370117,0.9998891353607178,0.6011241674423218,0.7287065386772156,-0.24245409667491913,0.9999008178710938,0.4364733099937439,0.7957665920257568,-0.15592354536056519,0.9848445653915405,0.387006551027298,0.8879519701004028,0.031919289380311966,0.9917635321617126,0.5084362030029297,0.5755848288536072,0.34401825070381165,0.9996199011802673,0.5634051561355591,0.7222487330436707,0.2427583634853363,0.9998915195465088,0.5324780344963074,0.8065187931060791,0.209131121635437,0.9450350403785706,0.7507227659225464,0.8311677575111389,0.22821743786334991,0.974554181098938
49,0.5479377508163452,0.5662137866020203,-0.39700859785079956,0.9998779296875,0.6050023436546326,0.7194216251373291,-0.23887425661087036,0.9998961091041565,0.4594815969467163,0.7998661398887634,-0.08425094187259674,0.9852099418640137,0.38679200410842896,0.8874286413192749,0.15802054107189178,0.9922865033149719,0.5226438045501709,0.5598979592323303,0.3033861219882965,0.9996252059936523,0.5633232593536377,0.7117776274681091,0.2391761988401413,0.999899685382843,0.5300360918045044,0.7837153673171997,0.14271852374076843,0.9482071399688721,0.7507146596908569,0.8288564682006836,0.16782860457897186,0.9760375618934631
50,0.5774055123329163,0.5513483285903931,-0.37615904211997986,0.999888002872467,0.6185051202774048,0.709181547164917,-0.2156475931406021,0.9999057054519653,0.5489985942840576,0.8193801045417786,-0.23918549716472626,0.9863778352737427,0.6233496069908142,0.8554630279541016,0.0459076464176178,0.9925244450569153,0.5327385067939758,0.5449787974357605,0.3028915226459503,0.9996580481529236,0.5646066069602966,0.7027758359909058,0.2156090885400772,0.999909520149231,0.406892865896225,0.7542308568954468,0.05952146649360657,0.9499754905700684,0.4086233973503113,0.8725284337997437,0.056672271341085434,0.9764897227287292
51,0.5837055444717407,0.5492033958435059,-0.3698750436306,0.9998921751976013,0.6249153017997742,0.7083737254142761,-0.20751990377902985,0.9999133944511414,0.5591523051261902,0.8224823474884033,-0.2204495668411255,0.9876274466514587,0.7543586492538452,0.8315320014953613,0.08050993084907532,0.9928733110427856,0.5358781218528748,0.5459418892860413,0.30083543062210083,0.9996881484985352,0.5659281611442566,0.7029602527618408,0.20730769634246826,0.9999184608459473,0.3984425663948059,0.750807523727417,-0.08545013517141342,0.9523672461509705,0.38716134428977966,0.8815317749977112,-0.08332918584346771,0.9777300357818604
52,0.6028366684913635,0.5357586145401001,-0.36556771397590637,0.9998956322669983,0.6364513635635376,0.6977275013923645,-0.20327073335647583,0.9999196529388428,0.5668795704841614,0.8130865693092346,-0.21252770721912384,0.9887664914131165,0.7700811624526978,0.8268884420394897,0.053883764892816544,0.9932904839515686,0.5422806143760681,0.5312477946281433,0.29748159646987915,0.9997166395187378,0.5735003352165222,0.6935940980911255,0.20297400653362274,0.9999264478683472,0.41906049847602844,0.7538279294967651,-0.05550028011202812,0.9539458751678467,0.3881087899208069,0.8814991116523743,-0.05760727450251579,0.9786813259124756
53,0.6211468577384949,0.5245851874351501,-0.4119839668273926,0.9998596906661987,0.6495670080184937,0.6879676580429077,-0.2129935920238495,0.9998719692230225,0.5331746339797974,0.7665711641311646,-0.2846561372280121,0.9880079030990601,0.4225277900695801,0.8693025708198547,-0.2663012444972992,0.9937276840209961,0.5654339790344238,0.520685613155365,0.2845083475112915,0.9996996521949768,0.6050381064414978,0.6840683221817017,0.21302087604999542,0.9998996257781982,0.5802497267723083,0.7788489460945129,0.32422250509262085,0.9494612216949463,0.7627143263816833,0.840465784072876,0.5125582814216614,0.9776039123535156
54,0.6405079364776611,0.5115916728973389,-0.43612444400787354,0.9998192191123962,0.6667887568473816,0.6743010878562927,-0.21466031670570374,0.9997905492782593,0.5051000714302063,0.7593556046485901,-0.3173551559448242,0.987321138381958,0.40331804752349854,0.8784005641937256,-0.3391827642917633,0.9941360950469971,0.5838506817817688,0.5099040269851685,0.2489481270313263,0.9996857643127441,0.6299793720245361,0.6708944439888,0.21463310718536377,0.9998286962509155,0.621537983417511,0.7816561460494995,0.418163537979126,0.9351673126220703,0.7964707612991333,0.8371812105178833,0.61790531873703,0.9737971425056458
55,0.6623513698577881,0.49873435497283936,-0.4119771122932434,0.9997639656066895,0.6850807070732117,0.6595562100410461,-0.21586020290851593,0.9997393488883972,0.5316192507743835,0.7571116089820862,-0.2959522008895874,0.9856879711151123,0.41243523359298706,0.8799253702163696,-0.31920894980430603,0.9944600462913513,0.6098858714103699,0.4974667429924011,0.2761721611022949,0.9996306300163269,0.6476519703865051,0.6566799879074097,0.2157769501209259,0.9997484087944031,0.6389444470405579,0.7723029851913452,0.3897416293621063,0.9140693545341492,0.807783305644989,0.8361557126045227,0.5624775886535645,0.9691439867019653
56,0.6811975836753845,0.4910014569759369,-0.4028862714767456,0.9996782541275024,0.7010474801063538,0.6517446637153625,-0.21703514456748962,0.9996574521064758,0.5680366158485413,0.75738924741745,-0.27238690853118896,0.9832059741020203,0.4294532239437103,0.8784249424934387,-0.24769079685211182,0.9946429133415222,0.6348106265068054,0.4894735813140869,0.28665801882743835,0.9995088577270508,0.6707916855812073,0.6483542323112488,0.21702712774276733,0.9996126294136047,0.6487764120101929,0.7611518502235413,0.3289780914783478,0.8924434185028076,0.8076558113098145,0.8339586853981018,0.46636059880256653,0.9657087326049805
57,0.6738064289093018,0.4908026158809662,-0.3578752279281616,0.9995537996292114,0.7042701840400696,0.6538882255554199,-0.17718589305877686,0.9996451139450073,0.6219346523284912,0.7586554288864136,-0.22949238121509552,0.9840514063835144,0.79828941822052,0.8400082588195801,-0.1552516669034958,0.9946382641792297,0.6469328999519348,0.4906380772590637,0.2561115324497223,0.9994917511940002,0.6780665516853333,0.6490606069564819,0.1769132763147354,0.999629557132721,0.5773369669914246,0.7580116391181946,0.057964351028203964,0.8925129175186157,0.44701194763183594,0.8669508099555969,0.04876042157411575,0.9667457342147827
58,0.7037516832351685,0.4815075695514679,-0.3586782217025757,0.9995711445808411,0.7171217799186707,0.6476492881774902,-0.1974199265241623,0.999649167060852,0.5972622036933899,0.7517485618591309,-0.35306835174560547,0.982604444026947,0.5114666819572449,0.8582038283348083,-0.4311085641384125,0.9949306845664978,0.6559024453163147,0.48634544014930725,0.29414817690849304,0.999323844909668,0.6912248730659485,0.6453754305839539,0.19771015644073486,0.9995420575141907,0.6565093398094177,0.7548041939735413,0.37279194593429565,0.8569886684417725,0.7907397747039795,0.8464341163635254,0.5499827265739441,0.9598208069801331
59,0.717046320438385,0.47278526425361633,-0.35591360926628113,0.9996001124382019,0.7323155999183655,0.636119544506073,-0.20174919068813324,0.9996693730354309,0.6159276962280273,0.743200957775116,-0.3726307451725006,0.9805143475532532,0.511062741279602,0.8598983287811279,-0.4623168110847473,0.9950706362724304,0.6696531772613525,0.4788925051689148,0.32786816358566284,0.99924635887146,0.7003461718559265,0.635866105556488,0.2021767795085907,0.9995090365409851,0.6819910407066345,0.7470647096633911,0.4019724130630493,0.8076815009117126,0.8156676292419434,0.8406190276145935,0.5818358063697815,0.9474270939826965
60,0.7350895404815674,0.46520981192588806,-0.3726852238178253,0.9996268153190613,0.751634418964386,0.6265503168106079,-0.2041502445936203,0.9996773600578308,0.6321690678596497,0.7378207445144653,-0.36268067359924316,0.976375937461853,0.5521111488342285,0.8605227470397949,-0.4245842695236206,0.9947879314422607,0.6688166856765747,0.47112560272216797,0.3090950846672058,0.9992566108703613,0.7031551599502563,0.627433717250824,0.2044464647769928,0.9994732737541199,0.6945971250534058,0.7410718202590942,0.33015888929367065,0.7628734707832336,0.8170735239982605,0.8376153111457825,0.4741947650909424,0.9335755109786987
61,0.7443104982376099,0.4593358337879181,-0.3875419795513153,0.9996527433395386,0.7671565413475037,0.6196609139442444,-0.19804871082305908,0.9996531009674072,0.6946902275085449,0.7341102957725525,-0.2745245099067688,0.9769486784934998,0.810498058795929,0.83868008852005,-0.1801527440547943,0.9941361546516418,0.6846219897270203,0.46347326040267944,0.2888125479221344,0.9992806315422058,0.7138469219207764,0.6211126446723938,0.19793663918972015,0.99947589635849,0.6625335812568665,0.7307907938957214,0.13223935663700104,0.7612701058387756,0.6446684002876282,0.8510168194770813,0.20003022253513336,0.9335726499557495
62,0.7522016167640686,0.45463070273399353,-0.41335052251815796,0.999674916267395,0.7701992392539978,0.6140605807304382,-0.19847306609153748,0.999550998210907,0.7074811458587646,0.7300513982772827,-0.20751678943634033,0.9767777919769287,0.8083239793777466,0.8380100131034851,-0.06857939064502716,0.9930412173271179,0.6934749484062195,0.4584301710128784,0.2854519188404083,0.9992796778678894,0.7256958484649658,0.6152992248535156,0.19824104011058807,0.9994441270828247,0.6780503988265991,0.7267583608627319,0.16239459812641144,0.7539088129997253,0.6728489398956299,0.8525503277778625,0.2718549370765686,0.9301944375038147
63,0.7451947927474976,0.45757728815078735,-0.4299757778644562,0.9997043013572693,0.7642326951026917,0.6176572442054749,-0.1988248974084854,0.9995595216751099,0.6803633570671082,0.7279530763626099,-0.19825664162635803,0.9752345681190491,0.7026189565658569,0.8382195234298706,-0.10432770103216171,0.9925410151481628,0.7013547420501709,0.45710402727127075,0.2825302481651306,0.9993148446083069,0.737403929233551,0.6161022782325745,0.19878318905830383,0.9994245171546936,0.7033240795135498,0.7256186604499817,0.29536527395248413,0.7192825675010681,0.7957030534744263,0.8437426090240479,0.43041345477104187,0.910625159740448
64,0.7544990181922913,0.4562411308288574,-0.44933637976646423,0.9997249245643616,0.7798420786857605,0.6147653460502625,-0.1892492026090622,0.9995065927505493,0.7333453893661499,0.7262896299362183,-0.2086714655160904,0.9764388203620911,0.8006396889686584,0.8372257947921753,-0.07239282876253128,0.9924824833869934,0.6927466988563538,0.45668384432792664,0.2404792159795761,0.9993475675582886,0.7352953553199768,0.6146748065948486,0.1889079213142395,0.9994229674339294,0.6845453977584839,0.7208701968193054,0.08688702434301376,0.7326014637947083,0.7610839009284973,0.8435274958610535,0.23057664930820465,0.9137842059135437
65,0.7681117653846741,0.4560883045196533,-0.48283880949020386,0.9997439384460449,0.7869853973388672,0.6127400994300842,-0.19053925573825836,0.9994670152664185,0.7314716577529907,0.7231887578964233,-0.22404518723487854,0.9750718474388123,0.8061253428459167,0.8358560800552368,-0.09226112067699432,0.9909783005714417,0.6948227882385254,0.45696648955345154,0.1943662464618683,0.9994010329246521,0.741126298904419,0.6126915216445923,0.1904832273721695,0.9994195103645325,0.7017828226089478,0.7216818332672119,0.15972524881362915,0.7121367454528809,0.786288321018219,0.8397248983383179,0.2939401865005493,0.8948729038238525
66,0.7781063914299011,0.4534265398979187,-0.4718092083930969,0.999765157699585,0.7912315726280212,0.6112622618675232,-0.19085125625133514,0.9994395971298218,0.7397484183311462,0.7254533767700195,-0.1931433230638504,0.9697849750518799,0.8196893334388733,0.838811457157135,-0.0487518236041069,0.9874866604804993,0.7024093866348267,0.45346635580062866,0.19398659467697144,0.9994436502456665,0.7412738800048828,0.6087889075279236,0.1908513903617859,0.999386191368103,0.7157164216041565,0.7199978232383728,0.20130440592765808,0.6836090087890625,0.803078293800354,0.831265926361084,0.3728893995285034,0.8648063540458679
67,0.7931267619132996,0.45145508646965027,-0.4850647449493408,0.9997854828834534,0.7961984276771545,0.6086582541465759,-0.19801504909992218,0.9994063973426819,0.7586103081703186,0.7271563410758972,-0.20228418707847595,0.9698294401168823,0.8400163650512695,0.8404377102851868,-0.0762428492307663,0.9869222640991211,0.7085121870040894,0.4536171853542328,0.17031235992908478,0.9994663000106812,0.7405579090118408,0.6095812320709229,0.19777265191078186,0.9993266463279724,0.7411963939666748,0.7234101295471191,0.23751232028007507,0.6670891046524048,0.8188466429710388,0.8313742876052856,0.3959329128265381,0.849950909614563
68,0.8041848540306091,0.4525279104709625,-0.555543065071106,0.9998064041137695,0.8043060302734375,0.610008180141449,-0.20135366916656494,0.9994155168533325,0.778536319732666,0.7287790775299072,-0.14289025962352753,0.9710602164268494,0.8560281991958618,0.8414086699485779,0.013927611522376537,0.9872199892997742,0.7259001731872559,0.45399075746536255,0.12730494141578674,0.9994906783103943,0.756183385848999,0.6125645637512207,0.20107242465019226,0.9992859363555908,0.7611269950866699,0.726212739944458,0.36994490027427673,0.655106782913208,0.8243695497512817,0.8321483135223389,0.6062871813774109,0.8380918502807617
69,0.8019169569015503,0.4539029896259308,-0.5889146327972412,0.9998252987861633,0.8069297671318054,0.6090508699417114,-0.2070489376783371,0.9994210600852966,0.779358446598053,0.7297386527061462,-0.13806544244289398,0.9719623923301697,0.8542163372039795,0.8425353765487671,0.03382119536399841,0.9873911142349243,0.7333276271820068,0.453573077917099,0.11106939613819122,0.9995184540748596,0.762050211429596,0.6119989156723022,0.20675808191299438,0.9992519021034241,0.7637678980827332,0.7266944050788879,0.36158061027526855,0.6396418809890747,0.8255362510681152,0.8330438733100891,0.5764085054397583,0.8245912194252014
70,0.8086032867431641,0.45543327927589417,-0.5757034420967102,0.9998418092727661,0.8008087277412415,0.6121650338172913,-0.19737699627876282,0.9994214773178101,0.8010359406471252,0.7298080921173096,-0.11894962191581726,0.9734810590744019,0.8687554597854614,0.8468663096427917,0.02066708914935589,0.98808753490448,0.7470133900642395,0.45203953981399536,0.07844961434602737,0.9995270371437073,0.7577606439590454,0.6138941049575806,0.19718477129936218,0.999186098575592,0.7737084031105042,0.7277323007583618,0.39520183205604553,0.6472979784011841,0.8296285271644592,0.8336402177810669,0.6768290400505066,0.8247395753860474
71,0.8120577931404114,0.4557477831840515,-0.5537943243980408,0.9998538494110107,0.7949507832527161,0.6182069182395935,-0.19024230539798737,0.9993028044700623,0.81540846824646,0.7367203831672668,-0.04389824718236923,0.9740180373191833,0.8782939910888672,0.852194607257843,0.1389453411102295,0.9885933995246887,0.7525424361228943,0.4534313976764679,0.060942523181438446,0.9993652105331421,0.7567237019538879,0.617644190788269,0.19004426896572113,0.9987914562225342,0.7900782227516174,0.7310146689414978,0.368152379989624,0.6602526903152466,0.834919273853302,0.8351759910583496,0.6374561786651611,0.8304284811019897
72,0.8257469534873962,0.4583054184913635,-0.5882766842842102,0.9998648166656494,0.8090612888336182,0.6242542862892151,-0.1774894893169403,0.9992931485176086,0.827578604221344,0.7422046661376953,0.026453770697116852,0.9758052825927734,0.8846464157104492,0.8557775020599365,0.2659458518028259,0.9892308712005615,0.7593136429786682,0.45355474948883057,-0.007238219026476145,0.9993246793746948,0.7603345513343811,0.6220963597297668,0.17716772854328156,0.9986968636512756,0.7934978008270264,0.7350133657455444,0.45062071084976196,0.677814781665802,0.8346837759017944,0.836280345916748,0.8102487921714783,0.837825357913971
73,0.8257225155830383,0.4604656994342804,-0.613377571105957,0.9998758435249329,0.8171827793121338,0.6288512945175171,-0.17774495482444763,0.9993118643760681,0.8354511857032776,0.7459903955459595,0.05006427690386772,0.9777080416679382,0.886214554309845,0.8565835356712341,0.30287787318229675,0.9899957180023193,0.7704551815986633,0.4536634385585785,-0.016256462782621384,0.9992376565933228,0.7673571705818176,0.6265234351158142,0.17740845680236816,0.9986681938171387,0.8062161803245544,0.7390051484107971,0.5069075226783752,0.6928372979164124,0.8350515961647034,0.8371859192848206,0.9185718297958374,0.8461730480194092
74,0.8315467238426208,0.4615730047225952,-0.6390535831451416,0.9998852014541626,0.8257017135620117,0.6309324502944946,-0.17625963687896729,0.9993105530738831,0.8370832204818726,0.7470213174819946,0.09061646461486816,0.9792705178260803,0.8846999406814575,0.8560996651649475,0.3861619234085083,0.9905441403388977,0.7781787514686584,0.4541555941104889,-0.03502803295850754,0.9990667700767517,0.7730246186256409,0.628724217414856,0.17588962614536285,0.9985958337783813,0.8036925792694092,0.7396910190582275,0.5126552581787109,0.7062550783157349,0.8360597491264343,0.8372421264648438,0.9272834062576294,0.8527899980545044
75,0.8310678005218506,0.46309584379196167,-0.6571972966194153,0.9998937845230103,0.824457585811615,0.6318292617797852,-0.1769721359014511,0.9993155002593994,0.8365780711174011,0.7472564578056335,0.09140283614397049,0.9806550145149231,0.886430025100708,0.8562127351760864,0.3840731978416443,0.9910118579864502,0.7757350206375122,0.4549059271812439,-0.05228414759039879,0.9989256262779236,0.7735754251480103,0.6298946142196655,0.1765868365764618,0.9985332489013672,0.8027427196502686,0.7400290369987488,0.5212851166725159,0.7159335613250732,0.8376116156578064,0.8372704386711121,0.9411868453025818,0.8576362729072571
76,0.8315600752830505,0.462878555059433,-0.6274983286857605,0.9998989701271057,0.8256882429122925,0.6316064596176147,-0.17446772754192352,0.9992254972457886,0.8386052250862122,0.7466300129890442,0.05132787674665451,0.9816389679908752,0.8869237303733826,0.8561021089553833,0.31991517543792725,0.9913467168807983,0.7770467400550842,0.4556594789028168,-0.0317046158015728,0.9986897110939026,0.7737895250320435,0.6294298768043518,0.1740880161523819,0.9982765913009644,0.8014862537384033,0.7398480772972107,0.4641127586364746,0.7243618369102478,0.8400112390518188,0.8376721739768982,0.8093466758728027,0.8624284863471985
77,0.8363583087921143,0.4623386859893799,-0.6195601224899292,0.9999039769172668,0.8291041254997253,0.6314917802810669,-0.1682850867509842,0.9991384744644165,0.8431513905525208,0.746162474155426,0.02747226320207119,0.982776939868927,0.886674165725708,0.855944812297821,0.2784687578678131,0.9918147325515747,0.7754743695259094,0.4572194814682007,-0.016901938244700432,0.9984620809555054,0.7724758982658386,0.6291794776916504,0.16802825033664703,0.9980436563491821,0.7968622446060181,0.7396864295005798,0.43930575251579285,0.7386605739593506,0.8387129902839661,0.8377960324287415,0.8035443425178528,0.8700493574142456
78,0.842366635799408,0.46235567331314087,-0.6070375442504883,0.9999094605445862,0.8334527611732483,0.6308789253234863,-0.16153989732265472,0.9991083145141602,0.8471490740776062,0.746499240398407,0.02374299243092537,0.984100341796875,0.8883336186408997,0.8558700680732727,0.27316921949386597,0.9923518896102905,0.7747470736503601,0.4584394097328186,-0.0241478830575943,0.9982256889343262,0.7710949778556824,0.6299252510070801,0.16133074462413788,0.9979491233825684,0.7932529449462891,0.740532636642456,0.43379202485084534,0.7571364641189575,0.8362001776695251,0.8380594849586487,0.7815878987312317,0.8791593313217163
79,0.84751296043396,0.4630555510520935,-0.5732045769691467,0.9999145865440369,0.840524435043335,0.6305104494094849,-0.1542646586894989,0.9991045594215393,0.8440997004508972,0.7462515234947205,-0.005129192024469376,0.9853643178939819,0.8875035643577576,0.8558057546615601,0.20575237274169922,0.9928942322731018,0.7759631276130676,0.46009740233421326,-0.012897145003080368,0.9981322288513184,0.7710747718811035,0.6304948329925537,0.15404590964317322,0.9979528784751892,0.7732770442962646,0.7403858304023743,0.3815653622150421,0.7752873301506042,0.8359766006469727,0.8380803465843201,0.7077202796936035,0.8881643414497375
80,0.8496010303497314,0.4650300443172455,-0.5628533959388733,0.9999212622642517,0.8369208574295044,0.6312381029129028,-0.14947761595249176,0.9991478323936462,0.8464733958244324,0.7460962533950806,-0.009129981510341167,0.9866871237754822,0.8871783018112183,0.8557564616203308,0.2070242315530777,0.9934931993484497,0.7751933932304382,0.4601065218448639,-0.003981825429946184,0.9981964826583862,0.7703382968902588,0.6313683986663818,0.14935047924518585,0.9980540871620178,0.7401531934738159,0.7386384010314941,0.38426291942596436,0.7962384819984436,0.8238030076026917,0.8364818096160889,0.7416642904281616,0.8981358408927917
81,0.8525230884552002,0.4653993546962738,-0.5469943881034851,0.9999274015426636,0.836257815361023,0.6311519145965576,-0.14999258518218994,0.9991855621337891,0.8463743329048157,0.7454180717468262,-0.035898737609386444,0.9878427386283875,0.8865644931793213,0.855716347694397,0.16786625981330872,0.9940187335014343,0.7743585705757141,0.4600996673107147,0.003037825459614396,0.9982494115829468,0.769763171672821,0.631496787071228,0.1498347520828247,0.9981448650360107,0.7330990433692932,0.7370591759681702,0.3512952923774719,0.8147268891334534,0.8198080658912659,0.8354079723358154,0.7024394273757935,0.9068601131439209
82,0.850714921951294,0.46608150005340576,-0.5485021471977234,0.9999336004257202,0.8305996656417847,0.6317853927612305,-0.15231461822986603,0.9992280006408691,0.8458396196365356,0.745345413684845,-0.07114558666944504,0.9888453483581543,0.8846743106842041,0.8556843996047974,0.15100403130054474,0.9944716095924377,0.778591513633728,0.46020299196243286,0.03671431541442871,0.9982905387878418,0.7692782282829285,0.6313899755477905,0.15208686888217926,0.998243510723114,0.7157362699508667,0.7345886826515198,0.3107929527759552,0.83160799741745,0.8062756657600403,0.830279529094696,0.6652225255966187,0.9145799875259399
83,0.8479085564613342,0.4675029218196869,-0.5496675968170166,0.9999381899833679,0.8339465856552124,0.6324045658111572,-0.15269823372364044,0.9992236495018005,0.8432849049568176,0.7454621195793152,-0.10233980417251587,0.9894485473632812,0.8834658861160278,0.8556666970252991,0.11267802864313126,0.9947169423103333,0.7852014899253845,0.4611316919326782,0.04882825165987015,0.9982701539993286,0.7722399830818176,0.630547285079956,0.15258848667144775,0.998280942440033,0.6986451148986816,0.7267057299613953,0.23455755412578583,0.8465401530265808,0.7736861109733582,0.8282725811004639,0.5256390571594238,0.9211230278015137
84,0.8462729454040527,0.4689299166202545,-0.554783046245575,0.999943733215332,0.8436717987060547,0.6314687728881836,-0.16937585175037384,0.9992703795433044,0.8416770100593567,0.7454283833503723,-0.16038763523101807,0.9903131127357483,0.8832640051841736,0.8558024764060974,0.038646358996629715,0.9951260089874268,0.7834497094154358,0.46356645226478577,0.07589755952358246,0.9984274506568909,0.7726237177848816,0.626960039138794,0.1691887378692627,0.998424768447876,0.676119327545166,0.7182445526123047,0.21831683814525604,0.8605532050132751,0.7306418418884277,0.8291059136390686,0.490409255027771,0.9280235171318054
85,0.8436968326568604,0.4718848466873169,-0.5933570861816406,0.9999483823776245,0.842433512210846,0.6318188905715942,-0.18271654844284058,0.9993064999580383,0.8392181992530823,0.7455868721008301,-0.16577862203121185,0.9909482598304749,0.8839999437332153,0.8570124506950378,0.039684318006038666,0.9954106211662292,0.7819015383720398,0.46361231803894043,0.08447961509227753,0.9985659122467041,0.7703609466552734,0.6268094182014465,0.18244826793670654,0.9985485672950745,0.6604781746864319,0.7174875140190125,0.26241815090179443,0.8722041845321655,0.6706757545471191,0.8328309059143066,0.5367403030395508,0.933829665184021
86,0.8433586955070496,0.4714239835739136,-0.5938029289245605,0.9999527335166931,0.8387149572372437,0.6324425339698792,-0.18882815539836884,0.9993422031402588,0.8372491598129272,0.7469597458839417,-0.18097619712352753,0.9912482500076294,0.8841606974601746,0.8573938012123108,0.023941947147250175,0.995509684085846,0.7816445231437683,0.46258947253227234,0.12160669267177582,0.9986958503723145,0.7657507658004761,0.6259046196937561,0.18846283853054047,0.9986696243286133,0.6400433778762817,0.715177059173584,0.18971745669841766,0.8825606107711792,0.6103191375732422,0.8346914649009705,0.4109477698802948,0.939006507396698
87,0.8431891798973083,0.47111088037490845,-0.5896998047828674,0.9999566674232483,0.8344172239303589,0.6328456997871399,-0.18923427164554596,0.9993729591369629,0.8357661366462708,0.7474002838134766,-0.176212340593338,0.9915146827697754,0.884190022945404,0.8574904203414917,0.03336547315120697,0.9955918192863464,0.7817785739898682,0.461927205324173,0.12996886670589447,0.9988112449645996,0.7619393467903137,0.6253635287284851,0.1888544261455536,0.998778223991394,0.6385272741317749,0.7146115303039551,0.1794029325246811,0.8921201229095459,0.6066834926605225,0.8355831503868103,0.39652860164642334,0.9437852501869202
88,0.8404185175895691,0.47105371952056885,-0.5483338832855225,0.9999585747718811,0.8226557374000549,0.6336793303489685,-0.18996088206768036,0.9993919730186462,0.8317664265632629,0.7478344440460205,-0.1563781350851059,0.9918451309204102,0.8848103284835815,0.8574859499931335,0.06878647953271866,0.9956861138343811,0.7813767194747925,0.46151167154312134,0.17791783809661865,0.9989137649536133,0.7617607116699219,0.6256930828094482,0.1895543485879898,0.9988737106323242,0.6352172493934631,0.7166273593902588,0.22803449630737305,0.8993768692016602,0.5523499846458435,0.8355117440223694,0.3853001296520233,0.9482190608978271
89,0.8355628848075867,0.4715948700904846,-0.513327956199646,0.9999552369117737,0.8205081820487976,0.6353433728218079,-0.18541763722896576,0.9994049072265625,0.8246550559997559,0.7492101788520813,-0.14179831743240356,0.9923813939094543,0.8849573135375977,0.8575204610824585,0.07833832502365112,0.9959592819213867,0.77329421043396,0.46125876903533936,0.19139927625656128,0.9990023374557495,0.7510567307472229,0.6274104118347168,0.1849190592765808,0.9989678859710693,0.6252270340919495,0.7177442312240601,0.05830338969826698,0.9081680774688721,0.5113109350204468,0.8336559534072876,0.11608223617076874,0.9530370831489563
90,0.8316977024078369,0.47189804911613464,-0.48796164989471436,0.9999454021453857,0.8158500790596008,0.6383489370346069,-0.1763516515493393,0.9993810653686523,0.8147904276847839,0.7537867426872253,-0.12325270473957062,0.99263995885849,0.8852730989456177,0.8578251600265503,0.07993663102388382,0.996025562286377,0.7494688630104065,0.46408969163894653,0.17677263915538788,0.999050498008728,0.7382859587669373,0.6311162710189819,0.17596450448036194,0.9990270137786865,0.6062825918197632,0.7201427221298218,0.09166722744703293,0.9149511456489563,0.47311776876449585,0.8298784494400024,0.1605481058359146,0.9570210576057434
91,0.819993257522583,0.47490596771240234,-0.4486158490180969,0.9999427795410156,0.8095807433128357,0.6440228819847107,-0.17418716847896576,0.9993786215782166,0.800946056842804,0.7589720487594604,-0.09647619724273682,0.9930711388587952,0.8851348757743835,0.8584716320037842,0.10134207457304001,0.9962407350540161,0.7415555119514465,0.46805810928344727,0.23163647949695587,0.9991015791893005,0.7308865189552307,0.636070191860199,0.17391304671764374,0.9990867376327515,0.5898324251174927,0.7230105996131897,0.020328771322965622,0.9219969511032104,0.4544183015823364,0.8288152813911438,0.04953958839178085,0.9608580470085144
92,0.8088571429252625,0.47995153069496155,-0.47298288345336914,0.9999313950538635,0.8007585406303406,0.6503390669822693,-0.17446880042552948,0.9993840456008911,0.7844226956367493,0.7663916945457458,-0.09134189039468765,0.9934062361717224,0.8850297927856445,0.8596218824386597,0.10249119997024536,0.9964052438735962,0.7277982831001282,0.4750920832157135,0.18962477147579193,0.9991048574447632,0.7208861112594604,0.6414997577667236,0.17420129477977753,0.9991469383239746,0.5746909976005554,0.726399838924408,0.041663624346256256,0.9277359247207642,0.4421239495277405,0.8291029930114746,0.08620359003543854,0.9640928506851196
93,0.8037422299385071,0.4824611246585846,-0.48721033334732056,0.9999061226844788,0.7986302971839905,0.6511142253875732,-0.17308573424816132,0.9993607997894287,0.780535876750946,0.7673865556716919,-0.099055215716362,0.9935866594314575,0.8849523067474365,0.859757125377655,0.09587977081537247,0.9964818358421326,0.7229686379432678,0.4758431911468506,0.14035664498806,0.9991411566734314,0.7196503281593323,0.6419985294342041,0.17281539738178253,0.999191164970398,0.5718485713005066,0.7278034687042236,0.07468866556882858,0.9322382807731628,0.44089993834495544,0.8303377628326416,0.13522711396217346,0.9668407440185547
94,0.7945215702056885,0.48685044050216675,-0.43460485339164734,0.9998878240585327,0.7921814918518066,0.6567680239677429,-0.17279456555843353,0.9993862509727478,0.7675845623016357,0.773966908454895,-0.09171140938997269,0.9939452409744263,0.8848962783813477,0.8604269623756409,0.11417028307914734,0.9966142773628235,0.7088009119033813,0.4842334985733032,0.19769218564033508,0.9991412162780762,0.7084744572639465,0.647720217704773,0.17259100079536438,0.999252200126648,0.5619902014732361,0.7348021268844604,0.045978132635354996,0.9374217391014099,0.4316101372241974,0.8361720442771912,0.07507667690515518,0.969595730304718
95,0.7756708264350891,0.4952830374240875,-0.4380100965499878,0.99986732006073,0.7834072709083557,0.6639037132263184,-0.17482039332389832,0.9994136095046997,0.7531353831291199,0.7834873795509338,-0.07765967398881912,0.9942842125892639,0.8843960762023926,0.8605591654777527,0.174383744597435,0.996688961982727,0.6970429420471191,0.49342307448387146,0.22730079293251038,0.9991618990898132,0.7000551819801331,0.6554057598114014,0.17466822266578674,0.999313235282898,0.5525195002555847,0.7414791584014893,0.04523081332445145,0.9421889781951904,0.4292328357696533,0.8444966673851013,0.08216233551502228,0.9720520973205566
96,0.7506904006004333,0.5015313625335693,-0.4372265338897705,0.9998147487640381,0.7668902277946472,0.671416163444519,-0.1777622103691101,0.9994350075721741,0.7316449880599976,0.7927266955375671,-0.08891493827104568,0.9944761395454407,0.8815120458602905,0.8604524731636047,0.15187962353229523,0.9967082738876343,0.6742982864379883,0.5006972551345825,0.24060827493667603,0.9991883039474487,0.6829974055290222,0.6646122336387634,0.1775761991739273,0.9993681907653809,0.539069652557373,0.7469598054885864,0.06347744166851044,0.9455655813217163,0.41112220287323,0.8513239026069641,0.12308620661497116,0.9740515351295471
97,0.7279609441757202,0.5107339024543762,-0.4444192349910736,0.9997702836990356,0.7490061521530151,0.6800810694694519,-0.18578045070171356,0.9994632601737976,0.7093257308006287,0.8018609881401062,-0.13693523406982422,0.9947238564491272,0.8758047819137573,0.860055148601532,0.11123380064964294,0.9967799186706543,0.649079442024231,0.5062682628631592,0.21812498569488525,0.9992027282714844,0.6683653593063354,0.6720942854881287,0.1856297254562378,0.999419629573822,0.5201638340950012,0.7484240531921387,0.06943964958190918,0.9456473588943481,0.39932867884635925,0.8552246689796448,0.19990301132202148,0.9751911163330078
98,0.7096465229988098,0.5190491676330566,-0.4429691731929779,0.999774158000946,0.7331709861755371,0.6884845495223999,-0.1909596174955368,0.999511182308197,0.6924050450325012,0.8111167550086975,-0.1438266932964325,0.995073676109314,0.8708122372627258,0.8583675026893616,0.14880867302417755,0.9968567490577698,0.6271966695785522,0.5165004730224609,0.230118989944458,0.9992641806602478,0.6561674475669861,0.6796936988830566,0.19082534313201904,0.9994762539863586,0.49589356780052185,0.7460145354270935,0.03943033888936043,0.9469911456108093,0.3921056091785431,0.8561418652534485,0.17637239396572113,0.9761782884597778
99,0.703327476978302,0.5224922895431519,-0.48147016763687134,0.9997673034667969,0.7293803691864014,0.6916220188140869,-0.19228646159172058,0.9995534420013428,0.6852561235427856,0.8124344348907471,-0.1380704790353775,0.9953648447990417,0.8681575059890747,0.8577385544776917,0.1709178239107132,0.9969562888145447,0.6276400685310364,0.5198093056678772,0.18189971148967743,0.9993048310279846,0.6574585437774658,0.6809636354446411,0.19223913550376892,0.9995265007019043,0.49275854229927063,0.7445669174194336,0.029256468638777733,0.9496327638626099,0.39370667934417725,0.8570290207862854,0.17328420281410217,0.9774667024612427
100,0.6846520304679871,0.5314045548439026,-0.4555501341819763,0.9997809529304504,0.7172746658325195,0.6979219317436218,-0.1967979222536087,0.999596357345581,0.6704339981079102,0.8194053769111633,-0.1753188520669937,0.9957143664360046,0.8647946715354919,0.8564984202384949,0.1610759198665619,0.996996283531189,0.6189791560173035,0.5267894268035889,0.22116655111312866,0.9993641376495361,0.6510555744171143,0.6861665844917297,0.19677922129631042,0.9995734691619873,0.4748886525630951,0.7439842820167542,-0.03929887339472771,0.9523586630821228,0.3878934979438782,0.8577994108200073,0.04203040525317192,0.9785358309745789
101,0.6663705110549927,0.5364088416099548,-0.3979339599609375,0.9997974634170532,0.7022553086280823,0.7034443020820618,-0.20315662026405334,0.9996359944343567,0.6562228202819824,0.8262251019477844,-0.19847220182418823,0.9960799217224121,0.8601939082145691,0.8541692495346069,0.1548721194267273,0.9971203207969666,0.599839985370636,0.5353408455848694,0.2902281582355499,0.9994210600852966,0.6370866298675537,0.6935319304466248,0.20303402841091156,0.9996160268783569,0.45373615622520447,0.7429841756820679,-0.09436263889074326,0.9555388689041138,0.38157302141189575,0.8592056035995483,-0.03957036882638931,0.9798809885978699
102,0.644148051738739,0.545950710773468,-0.4161349833011627,0.9998107552528381,0.6902113556861877,0.709619402885437,-0.2044610232114792,0.9996713995933533,0.6488052606582642,0.8335436582565308,-0.20660057663917542,0.9964028000831604,0.853956937789917,0.8523867130279541,0.15510293841362,0.9971689581871033,0.5771985054016113,0.5435038805007935,0.2674793303012848,0.9994716048240662,0.6227163076400757,0.6989298462867737,0.20435641705989838,0.9996542930603027,0.43660077452659607,0.7419921159744263,-0.08298563957214355,0.9582184553146362,0.3793662190437317,0.8592548966407776,-0.013504959642887115,0.980887234210968
103,0.6278652548789978,0.5537506937980652,-0.422113835811615,0.9998228549957275,0.6766921877861023,0.714584231376648,-0.20732031762599945,0.9997034072875977,0.641060471534729,0.8413437604904175,-0.2172795534133911,0.9966921210289001,0.849101722240448,0.8522793650627136,0.1262553334236145,0.9971880912780762,0.5720978379249573,0.5476622581481934,0.2535094618797302,0.9995176792144775,0.6095860004425049,0.7008189558982849,0.20727019011974335,0.9996887445449829,0.4251488447189331,0.7379261255264282,-0.09446997195482254,0.960426390171051,0.37987253069877625,0.8594986796379089,-0.04139005020260811,0.9815642237663269
104,0.6154741644859314,0.5609173774719238,-0.4082598388195038,0.9998354315757751,0.6694067716598511,0.7229025363922119,-0.2053365558385849,0.9997324347496033,0.6311874985694885,0.8482062816619873,-0.21455028653144836,0.9969196915626526,0.8443068861961365,0.852091908454895,0.14388270676136017,0.9969537854194641,0.55782550573349,0.5529073476791382,0.25226742029190063,0.9995606541633606,0.5996848940849304,0.706367015838623,0.20528283715248108,0.9997197985649109,0.4178905487060547,0.7361464500427246,-0.15347987413406372,0.9626449942588806,0.379503071308136,0.860791802406311,-0.13271000981330872,0.9820746779441833
105,0.6184790134429932,0.5633282661437988,-0.4133078157901764,0.9998447895050049,0.6691779494285583,0.7239084243774414,-0.2100527137517929,0.9997583031654358,0.6281185746192932,0.8482820391654968,-0.2311876118183136,0.9971286058425903,0.8449342250823975,0.8522064685821533,0.12567688524723053,0.9968191981315613,0.5660721659660339,0.5553908944129944,0.2682214081287384,0.9995993375778198,0.6004757285118103,0.707247257232666,0.21000319719314575,0.9997477531433105,0.41736575961112976,0.7346227765083313,-0.14852651953697205,0.9641867280006409,0.3791625499725342,0.8607157468795776,-0.11673346906900406,0.9825038313865662
106,0.6092527508735657,0.57000732421875,-0.4158032238483429,0.9998556971549988,0.6640196442604065,0.7280335426330566,-0.2101602703332901,0.9997817873954773,0.6224312782287598,0.8521321415901184,-0.24592341482639313,0.9972890615463257,0.8403317332267761,0.8522330522537231,0.12734629213809967,0.9965092539787292,0.5539668798446655,0.5578150153160095,0.26278916001319885,0.9996349215507507,0.591916561126709,0.711572527885437,0.21017619967460632,0.9997729063034058,0.414695143699646,0.7346901297569275,-0.18603664636611938,0.9660582542419434,0.3800085186958313,0.861026406288147,-0.16116759181022644,0.9830633997917175
107,0.5909269452095032,0.5751941800117493,-0.4039122760295868,0.9998658299446106,0.6583654284477234,0.7336604595184326,-0.21031250059604645,0.9998032450675964,0.6166565418243408,0.858441948890686,-0.26065850257873535,0.9974805116653442,0.8354271054267883,0.8522804379463196,0.10063564777374268,0.9964272975921631,0.5361372828483582,0.5671748518943787,0.27219241857528687,0.9996657371520996,0.5869231820106506,0.7184263467788696,0.21031111478805542,0.9997955560684204,0.41050219535827637,0.7350257039070129,-0.13712137937545776,0.9671740531921387,0.38001009821891785,0.8615003228187561,-0.12045418471097946,0.9836177825927734
108,0.5784681439399719,0.5811561942100525,-0.40964287519454956,0.9998732209205627,0.6552186608314514,0.7398961782455444,-0.21227963268756866,0.9998225569725037,0.61370849609375,0.8642491698265076,-0.25863412022590637,0.9976440072059631,0.8293445706367493,0.8526022434234619,0.05900542438030243,0.9963276386260986,0.5360143184661865,0.5734694600105286,0.2664262354373932,0.9996879696846008,0.5874824523925781,0.7254577875137329,0.21230006217956543,0.9998159408569336,0.4079180061817169,0.7350904941558838,-0.0890503078699112,0.966772198677063,0.38088634610176086,0.8615996241569519,-0.07995357364416122,0.983497679233551
109,0.563370406627655,0.5878724455833435,-0.40780916810035706,0.9998822212219238,0.6494218707084656,0.7444759607315063,-0.21194498240947723,0.9998400807380676,0.6118806600570679,0.8703263401985168,-0.26941701769828796,0.9978151917457581,0.8237401247024536,0.8526846170425415,-0.010101399384438992,0.9963693022727966,0.5293799042701721,0.5800767540931702,0.2632204592227936,0.999707818031311,0.584159791469574,0.7301355600357056,0.21194259822368622,0.9998342990875244,0.40111157298088074,0.7348071932792664,-0.03619661182165146,0.9653903841972351,0.37880754470825195,0.8613152503967285,-0.06552430242300034,0.9830910563468933
110,0.5582330226898193,0.595252275466919,-0.39557191729545593,0.9998919367790222,0.6459203362464905,0.7480394244194031,-0.2166137844324112,0.9998559355735779,0.6111821532249451,0.8743225932121277,-0.25268083810806274,0.9979778528213501,0.8185381293296814,0.852851390838623,0.010804940015077591,0.9964038729667664,0.5191529393196106,0.5855435729026794,0.2752332091331482,0.9997340440750122,0.5786311626434326,0.7332061529159546,0.2164788395166397,0.999850869178772,0.39589688181877136,0.7342753410339355,-0.032191772013902664,0.9634469151496887,0.37852805852890015,0.8611025810241699,-0.06917119771242142,0.9823689460754395
111,0.5537839531898499,0.5979422926902771,-0.3944324553012848,0.9998996257781982,0.6444214582443237,0.7502021193504333,-0.22322873771190643,0.9998701214790344,0.6088150143623352,0.8754569888114929,-0.25466060638427734,0.9981169104576111,0.8180290460586548,0.8528837561607361,-0.02196732722222805,0.9964441657066345,0.5223742127418518,0.5895749926567078,0.29256224632263184,0.9997531175613403,0.5808678269386292,0.7352568507194519,0.22304177284240723,0.999865710735321,0.39556655287742615,0.7336386442184448,0.013004095293581486,0.9601202607154846,0.3773729205131531,0.8609497547149658,-0.040903009474277496,0.9814331531524658
112,0.5470860600471497,0.600941002368927,-0.390884131193161,0.9999071359634399,0.6423630714416504,0.7542229294776917,-0.2298656404018402,0.9998829960823059,0.6085180640220642,0.8788048028945923,-0.2770299017429352,0.9982538223266602,0.8156927227973938,0.8529267907142639,-0.05167953670024872,0.9965470433235168,0.520060658454895,0.5939326286315918,0.3064590096473694,0.9997686147689819,0.5795323252677917,0.7400825619697571,0.22964446246623993,0.9998791217803955,0.39237159490585327,0.7336909174919128,0.0600249357521534,0.9567018151283264,0.37702056765556335,0.8607783913612366,0.009633742272853851,0.9807485938072205
113,0.5396179556846619,0.6053466200828552,-0.3820182979106903,0.9999145865440369,0.640295684337616,0.757716715335846,-0.2330167442560196,0.9998946189880371,0.607829749584198,0.8835217952728271,-0.292786180973053,0.9983862638473511,0.8143638968467712,0.8529786467552185,-0.0688634067773819,0.9966546297073364,0.5199800729751587,0.5977240204811096,0.3176610469818115,0.9997847080230713,0.5807178020477295,0.7443116903305054,0.23277835547924042,0.9998911619186401,0.3906058371067047,0.7337290048599243,0.06577440351247787,0.9527667164802551,0.3771638870239258,0.8606701493263245,0.012264363467693329,0.9799240827560425
114,0.5367909073829651,0.6089944243431091,-0.38292837142944336,0.9999218583106995,0.6380681991577148,0.7601683735847473,-0.233926922082901,0.9999050498008728,0.606730043888092,0.8868288993835449,-0.3032313883304596,0.9985089898109436,0.8119875192642212,0.8530118465423584,-0.07727382332086563,0.9967492818832397,0.5190379619598389,0.6006591320037842,0.31840384006500244,0.9998027682304382,0.5807458162307739,0.7471272349357605,0.2336728721857071,0.9999020099639893,0.3897775709629059,0.7339648008346558,0.06501701474189758,0.9491861462593079,0.3776366412639618,0.8600148558616638,0.0018348506418988109,0.979085385799408
115,0.5352252721786499,0.6130187511444092,-0.38649970293045044,0.9999281764030457,0.6369133591651917,0.7630216479301453,-0.23255817592144012,0.9999144673347473,0.6061735153198242,0.8906614184379578,-0.28705963492393494,0.9986082315444946,0.8103233575820923,0.8530795574188232,-0.03794746845960617,0.9967513084411621,0.5165240168571472,0.6038499474525452,0.3102412819862366,0.9998192191123962,0.5817221403121948,0.7502440214157104,0.23232343792915344,0.9999117851257324,0.39032480120658875,0.7348414659500122,0.045163191854953766,0.9461508393287659,0.37774357199668884,0.8598406910896301,-0.00890517607331276,0.9784079194068909
116,0.5284497141838074,0.6156758666038513,-0.3841305673122406,0.9999336004257202,0.6364303231239319,0.7661900520324707,-0.23334932327270508,0.9999229311943054,0.6053459644317627,0.8925500512123108,-0.2693490982055664,0.9987016916275024,0.8077509999275208,0.853134274482727,-0.03439415246248245,0.9967543482780457,0.5167596340179443,0.6066969037055969,0.317864328622818,0.9998338222503662,0.5829681754112244,0.7537264227867126,0.23309849202632904,0.9999206066131592,0.38977938890457153,0.7348951101303101,0.056324757635593414,0.9427492022514343,0.3789239227771759,0.8586786389350891,-0.009210392832756042,0.9777480363845825
117,0.5238448977470398,0.6170586943626404,-0.3918321132659912,0.9999377727508545,0.6363922357559204,0.7677665948867798,-0.2341243475675583,0.9999304413795471,0.6052179932594299,0.8929266929626465,-0.22560232877731323,0.9987569451332092,0.8074244856834412,0.8535155653953552,0.03910807520151138,0.9966548681259155,0.5174577236175537,0.6072824001312256,0.3124810755252838,0.9998443722724915,0.583768904209137,0.7551947832107544,0.2339424192905426,0.9999284744262695,0.3888928294181824,0.7350138425827026,0.06242569163441658,0.9404385685920715,0.3808877170085907,0.8579190373420715,0.004251779057085514,0.9769526720046997
118,0.5247535705566406,0.6177756190299988,-0.3995401859283447,0.999942421913147,0.6366341710090637,0.769415557384491,-0.23686926066875458,0.9999372363090515,0.6057735085487366,0.8949282765388489,-0.21967674791812897,0.9988147616386414,0.8065041303634644,0.8543676733970642,0.04037528485059738,0.9966272711753845,0.5142485499382019,0.608220100402832,0.309913694858551,0.9998575448989868,0.5843082070350647,0.7574884295463562,0.23670706152915955,0.9999356269836426,0.38862213492393494,0.7349730134010315,0.06679148972034454,0.9383005499839783,0.38233163952827454,0.8578576445579529,0.02022540383040905,0.9761399626731873
119,0.5264269709587097,0.6184377074241638,-0.4137135148048401,0.9999464154243469,0.6368138194084167,0.7716802358627319,-0.23658570647239685,0.9999433755874634,0.6061787605285645,0.8964013457298279,-0.21176040172576904,0.9988617300987244,0.8062084913253784,0.8556484580039978,0.06256962567567825,0.9965816736221313,0.5127474665641785,0.6090846657752991,0.2967998683452606,0.9998679161071777,0.5847076177597046,0.7587610483169556,0.23644571006298065,0.9999420046806335,0.38706204295158386,0.7349743843078613,0.087338387966156,0.9365125298500061,0.38265421986579895,0.8577106595039368,0.05541880056262016,0.9751493334770203
120,0.5246936082839966,0.6197056770324707,-0.4213770031929016,0.9999504685401917,0.6372190117835999,0.7725108861923218,-0.23616072535514832,0.9999489188194275,0.605758011341095,0.8974272608757019,-0.19306235015392303,0.9989140629768372,0.8061719536781311,0.8571791648864746,0.09812001138925552,0.9965699315071106,0.5104867219924927,0.6100813746452332,0.2885691523551941,0.999878466129303,0.5848720073699951,0.7590880393981934,0.23603305220603943,0.9999477863311768,0.3858078420162201,0.7346781492233276,0.07512621581554413,0.9353597164154053,0.3832961618900299,0.8574864268302917,0.0406121164560318,0.9743972420692444
121,0.525169849395752,0.6207016110420227,-0.4183151423931122,0.9999539852142334,0.6377730369567871,0.7725101113319397,-0.23596251010894775,0.9999539256095886,0.6061744689941406,0.898232638835907,-0.18815836310386658,0.9989714026451111,0.8068638443946838,0.8585524559020996,0.09249217063188553,0.9966022968292236,0.5111648440361023,0.6113570332527161,0.28943294286727905,0.9998880624771118,0.5866777300834656,0.7591984868049622,0.2358255684375763,0.9999529719352722,0.38660240173339844,0.73487788438797,0.07455167174339294,0.9340766072273254,0.3853444755077362,0.8575953841209412,0.03445548936724663,0.9738830924034119
122,0.5262730121612549,0.6220727562904358,-0.4231368601322174,0.9999569058418274,0.6378939747810364,0.7730628252029419,-0.23556147515773773,0.9999584555625916,0.606300950050354,0.8989988565444946,-0.19572006165981293,0.9990092515945435,0.8071755170822144,0.8590927124023438,0.09489328414201736,0.996509313583374,0.5083283185958862,0.6121054887771606,0.2795868217945099,0.9998969435691833,0.5876994132995605,0.7596699595451355,0.2354477047920227,0.9999576807022095,0.3872765302658081,0.7354500889778137,0.06735114753246307,0.9332031011581421,0.38700711727142334,0.8579681515693665,0.018580202013254166,0.9731552004814148
123,0.5257379412651062,0.6225743293762207,-0.42112302780151367,0.9999598860740662,0.6381441950798035,0.7733427286148071,-0.23291997611522675,0.9999625086784363,0.606677234172821,0.8993242979049683,-0.18935750424861908,0.9990406632423401,0.8075256943702698,0.8596504330635071,0.09617381542921066,0.9964268207550049,0.5072413682937622,0.6115899085998535,0.2697538137435913,0.9999046921730042,0.5889900326728821,0.7593734860420227,0.23283886909484863,0.9999619126319885,0.38776686787605286,0.736071765422821,0.06588952243328094,0.932541012763977,0.38786566257476807,0.8582617044448853,0.019542640075087547,0.9722563028335571
124,0.5259268283843994,0.6218517422676086,-0.4131775498390198,0.9999624490737915,0.6385796666145325,0.7733680605888367,-0.23197399079799652,0.9999661445617676,0.6068551540374756,0.8994765281677246,-0.17246243357658386,0.9990772008895874,0.8076775074005127,0.8600157499313354,0.10157491266727448,0.9964353442192078,0.508102536201477,0.6112220883369446,0.273222416639328,0.9999120235443115,0.5896913409233093,0.7591493129730225,0.23186816275119781,0.9999657273292542,0.38806700706481934,0.7361980080604553,0.0645155981183052,0.9331827759742737,0.3885776996612549,0.8583626747131348,0.017784321680665016,0.9719688296318054
125,0.531328022480011,0.6210699081420898,-0.4009457528591156,0.9999642372131348,0.6391028761863708,0.772903323173523,-0.23066964745521545,0.9999693632125854,0.6070109605789185,0.8986203074455261,-0.1608007252216339,0.9991060495376587,0.8080721497535706,0.8602646589279175,0.106036476790905,0.99644535779953,0.5087655186653137,0.6105775833129883,0.27503037452697754,0.9999169111251831,0.5901997089385986,0.7586632370948792,0.2305503636598587,0.9999691247940063,0.38832148909568787,0.7366890907287598,0.06663957983255386,0.9340114593505859,0.38936397433280945,0.8586958646774292,0.013307610526680946,0.9716832637786865
126,0.5435377955436707,0.6203621029853821,-0.3850650191307068,0.9999657273292542,0.6403146982192993,0.7723416686058044,-0.22538520395755768,0.9999722838401794,0.6078881025314331,0.8980443477630615,-0.17091695964336395,0.9991384148597717,0.8094974756240845,0.8605473041534424,0.10122395306825638,0.9964791536331177,0.5091201066970825,0.6101150512695312,0.2765049636363983,0.9999195337295532,0.5902099609375,0.7582358717918396,0.2252206951379776,0.9999721646308899,0.38845333456993103,0.7371170520782471,0.04964498430490494,0.9340518116950989,0.3903997540473938,0.8590285778045654,-0.020546792075037956,0.9713711142539978
127,0.5463364124298096,0.617810845375061,-0.3849625587463379,0.9999670386314392,0.641461193561554,0.7722671031951904,-0.22555142641067505,0.9999749064445496,0.6105406284332275,0.897724449634552,-0.17396710813045502,0.9991844296455383,0.8132518529891968,0.8604905605316162,0.08880247175693512,0.9965835809707642,0.5180992484092712,0.6075201630592346,0.27726441621780396,0.9999209046363831,0.5913633108139038,0.7573571801185608,0.22538912296295166,0.9999749064445496,0.3886357247829437,0.737345278263092,0.07847900688648224,0.9345125555992126,0.39086708426475525,0.8593929409980774,0.0021044739987701178,0.9716851711273193
128,0.5489271283149719,0.6108799576759338,-0.3815203011035919,0.9999669790267944,0.6428926587104797,0.7708157300949097,-0.22872065007686615,0.999977171421051,0.6144648194313049,0.8959027528762817,-0.18430504202842712,0.9992344975471497,0.817959725856781,0.8604411482810974,0.04809331148862839,0.9966800808906555,0.530949056148529,0.6014194488525391,0.2991195321083069,0.9999127984046936,0.5942960977554321,0.7549596428871155,0.22862429916858673,0.9999773502349854,0.3901826739311218,0.7382304072380066,0.09899881482124329,0.9359980821609497,0.3911401629447937,0.8597478270530701,0.037376970052719116,0.9725890159606934
129,0.5517693758010864,0.6098857522010803,-0.3827231526374817,0.999967098236084,0.6437276601791382,0.7702871561050415,-0.22816094756126404,0.9999793171882629,0.6150181889533997,0.8949613571166992,-0.17764981091022491,0.9992583394050598,0.8204140663146973,0.8605635166168213,0.08858898282051086,0.9966389536857605,0.5331552624702454,0.5996142029762268,0.2901781499385834,0.9999080896377563,0.5943643450737,0.7539915442466736,0.22806787490844727,0.999979555606842,0.3912833034992218,0.7385956645011902,0.09239020943641663,0.937151312828064,0.3912280797958374,0.8598078489303589,0.012918216176331043,0.9731554388999939
130,0.561138927936554,0.6042003035545349,-0.3850221335887909,0.9999656081199646,0.6469214558601379,0.7637617588043213,-0.22484040260314941,0.9999810457229614,0.6157562732696533,0.887630820274353,-0.17795643210411072,0.999274492263794,0.8256179690361023,0.8601511716842651,0.09608378261327744,0.9965676665306091,0.5367433428764343,0.5940074920654297,0.2861594557762146,0.999901533126831,0.5943312644958496,0.7486625909805298,0.22476114332675934,0.9999815225601196,0.3936292231082916,0.7386699318885803,0.0551195852458477,0.9388072490692139,0.3912000358104706,0.8600670695304871,-0.009113498963415623,0.9736440777778625
131,0.5793519020080566,0.5956816673278809,-0.41145020723342896,0.9999580979347229,0.6547127366065979,0.7535108327865601,-0.20312941074371338,0.9999821186065674,0.6183987259864807,0.8747806549072266,-0.2091694325208664,0.9992953538894653,0.8323368430137634,0.8594182133674622,0.09821909666061401,0.9964455366134644,0.5436469316482544,0.5833144187927246,0.21959826350212097,0.999895453453064,0.5957720875740051,0.7398672103881836,0.20314368605613708,0.9999830722808838,0.39657193422317505,0.7386596202850342,-0.0014676484279334545,0.9417752027511597,0.3908817768096924,0.8601971864700317,-0.028867682442069054,0.9745903015136719
132,0.6042735576629639,0.5855802893638611,-0.5408397316932678,0.9999492168426514,0.6639501452445984,0.7438298463821411,-0.19031447172164917,0.9999831914901733,0.6247822642326355,0.8655223250389099,-0.23895950615406036,0.9992989301681519,0.8413405418395996,0.8576832413673401,0.14139024913311005,0.9963567852973938,0.5468769669532776,0.5732813477516174,0.05864636227488518,0.9998944997787476,0.5960379838943481,0.7311577796936035,0.1902177929878235,0.9999844431877136,0.40455707907676697,0.7386043667793274,-0.0077133807353675365,0.94480299949646,0.39077743887901306,0.8601936101913452,0.09609494358301163,0.9753382205963135
133,0.619323194026947,0.5729871392250061,-0.5694249868392944,0.9999139904975891,0.6720888614654541,0.7329736351966858,-0.1918327808380127,0.9999828934669495,0.6366198658943176,0.8551210165023804,-0.24817109107971191,0.9992911219596863,0.8498514294624329,0.8566610813140869,0.17755989730358124,0.9963791966438293,0.5524956583976746,0.5621102452278137,0.05675508826971054,0.9998852610588074,0.5961053967475891,0.7202961444854736,0.1916581094264984,0.9999852180480957,0.41310882568359375,0.738638699054718,-0.033428583294153214,0.9484179615974426,0.3911612331867218,0.8602748513221741,0.142348974943161,0.9764949083328247
134,0.6311113834381104,0.5599296689033508,-0.5509510040283203,0.9998835325241089,0.6833300590515137,0.7211773991584778,-0.19651450216770172,0.999981701374054,0.6469153165817261,0.844660222530365,-0.25808390974998474,0.999306857585907,0.8567467331886292,0.8552941083908081,0.13924625515937805,0.9965219497680664,0.5690253376960754,0.5499897599220276,0.1136486604809761,0.9998559951782227,0.6082054376602173,0.7095063924789429,0.19634981453418732,0.9999851584434509,0.42417430877685547,0.7389737963676453,-0.014939052984118462,0.951434314250946,0.39131179451942444,0.8604229092597961,0.1791573166847229,0.9774988889694214
135,0.641126811504364,0.5573902130126953,-0.5720546245574951,0.9997695684432983,0.6878333687782288,0.7190732955932617,-0.1968848556280136,0.9999746680259705,0.6521729826927185,0.8435378670692444,-0.24995560944080353,0.9993073344230652,0.8601750731468201,0.8538554906845093,0.08355988562107086,0.9965989589691162,0.5777304768562317,0.5506990551948547,0.08893262594938278,0.9997389912605286,0.611751914024353,0.7076191902160645,0.1967489868402481,0.9999815225601196,0.42836835980415344,0.7386175990104675,-0.00597362918779254,0.9531785845756531,0.3919079899787903,0.8604246377944946,0.172273650765419,0.9778184294700623
136,0.6530807018280029,0.5451377034187317,-0.538509726524353,0.9997681379318237,0.6946653723716736,0.710863471031189,-0.19797709584236145,0.9999698400497437,0.6569185256958008,0.8361110091209412,-0.25674334168434143,0.9992926120758057,0.8653900623321533,0.8539868593215942,-0.031991563737392426,0.9967837929725647,0.6021224856376648,0.5377417206764221,0.177009716629982,0.9995633959770203,0.6209557056427002,0.7009031772613525,0.19791005551815033,0.9999719262123108,0.44250649213790894,0.7393385171890259,0.1438957154750824,0.9539485573768616,0.39251187443733215,0.8607106804847717,0.33079391717910767,0.9781726002693176
137,0.6740784049034119,0.5335038900375366,-0.5205785036087036,0.9997659921646118,0.7099052667617798,0.6998279690742493,-0.2025689333677292,0.9999566078186035,0.6749499440193176,0.8235034942626953,-0.25085580348968506,0.9992459416389465,0.8727976679801941,0.8540616631507874,0.01660526916384697,0.9969959259033203,0.6137248873710632,0.527636706829071,0.21389883756637573,0.9994945526123047,0.6362593173980713,0.6921200156211853,0.2023293524980545,0.9999597668647766,0.46928903460502625,0.7399269938468933,0.10540056973695755,0.9552962779998779,0.39548081159591675,0.8607597947120667,0.23524923622608185,0.9792526960372925
138,0.6967717409133911,0.5219906568527222,-0.5393070578575134,0.9997512698173523,0.7275722026824951,0.6884113550186157,-0.20374639332294464,0.9999079704284668,0.694741427898407,0.809730589389801,-0.2479616403579712,0.9988675117492676,0.8810482025146484,0.8562724590301514,-0.017637792974710464,0.9970731735229492,0.6343488097190857,0.5171399712562561,0.20794254541397095,0.9994075894355774,0.6525986790657043,0.680990993976593,0.2033381164073944,0.9998757243156433,0.4977710545063019,0.7436180114746094,0.21977782249450684,0.9488877654075623,0.40123066306114197,0.8600647449493408,0.43038836121559143,0.9784911274909973
139,0.7235634326934814,0.5099603533744812,-0.5625877380371094,0.9997542500495911,0.7493571639060974,0.6747998595237732,-0.20413759350776672,0.9998293519020081,0.7135478854179382,0.7981188297271729,-0.23532050848007202,0.9982130527496338,0.889717698097229,0.8574783205986023,-0.04217817261815071,0.9970406293869019,0.6428080201148987,0.5068027377128601,0.14140762388706207,0.9993988871574402,0.669910192489624,0.6691437363624573,0.203759104013443,0.9997671842575073,0.5275830626487732,0.7452030181884766,0.19944053888320923,0.94072026014328,0.4101315438747406,0.8582767248153687,0.3778614401817322,0.9768756628036499
140,0.7406364679336548,0.5013390183448792,-0.5589951872825623,0.9997740983963013,0.7727177143096924,0.6667914390563965,-0.20431141555309296,0.9997979998588562,0.7337536215782166,0.7891021966934204,-0.16100534796714783,0.9980166554450989,0.8910258412361145,0.8597075939178467,-0.00014773230941500515,0.9971685409545898,0.6631996631622314,0.4990904927253723,0.16616885364055634,0.999426543712616,0.692657470703125,0.661510169506073,0.20382936298847198,0.9997401237487793,0.5598353147506714,0.7448458075523376,0.1876305788755417,0.9414281249046326,0.42692291736602783,0.8536983132362366,0.3219420909881592,0.9775388836860657
141,0.7461877465248108,0.498821496963501,-0.5521584153175354,0.9997908473014832,0.7745537161827087,0.6659385561943054,-0.2040664702653885,0.9997777342796326,0.7407276630401611,0.7863625884056091,-0.08906270563602448,0.9977918267250061,0.8933444619178772,0.8598589301109314,0.12244139611721039,0.9972994923591614,0.6731956005096436,0.4965183138847351,0.19185131788253784,0.9994519948959351,0.694889485836029,0.6602428555488586,0.2035328596830368,0.9997420310974121,0.5622125864028931,0.744544506072998,0.18036755919456482,0.9451478719711304,0.433171808719635,0.852658212184906,0.2288685142993927,0.9789290428161621
142,0.7659664750099182,0.4923543334007263,-0.55880206823349,0.9998095631599426,0.7877985835075378,0.6598981618881226,-0.20367491245269775,0.9997722506523132,0.758201539516449,0.7782949805259705,-0.11446696519851685,0.9975005388259888,0.8975221514701843,0.8612236976623535,0.09934743493795395,0.9973201751708984,0.6889459490776062,0.48953932523727417,0.20209339261054993,0.99949049949646,0.709708571434021,0.6548405885696411,0.2031373530626297,0.9997501373291016,0.5847148895263672,0.7433246970176697,0.1520172655582428,0.9478501081466675,0.4566780924797058,0.8494769930839539,0.2279442697763443,0.9800258874893188
143,0.7833086848258972,0.48605695366859436,-0.5507134199142456,0.9998265504837036,0.8025850653648376,0.65315181016922,-0.19897881150245667,0.9997663497924805,0.7753247022628784,0.7704052925109863,-0.12619329988956451,0.9967422485351562,0.9030116200447083,0.8627638220787048,0.0865890309214592,0.9969112277030945,0.6947784423828125,0.4841475486755371,0.18660345673561096,0.999534010887146,0.7209135293960571,0.6494134068489075,0.1984149068593979,0.9997597336769104,0.6019230484962463,0.7386096715927124,0.13999012112617493,0.9479315280914307,0.4977768063545227,0.848932683467865,0.21295811235904694,0.980050265789032
144,0.7907942533493042,0.4821870028972626,-0.5695770382881165,0.9998427033424377,0.8126879930496216,0.6461873650550842,-0.1952315717935562,0.9997657537460327,0.7914290428161621,0.7653021812438965,-0.14381852746009827,0.9964402914047241,0.9092599153518677,0.8630750179290771,0.04079566150903702,0.9968039393424988,0.7085933089256287,0.47961267828941345,0.1218438670039177,0.9995754361152649,0.7336589097976685,0.6411033868789673,0.19471284747123718,0.9997670650482178,0.6178906559944153,0.7288739085197449,0.18261100351810455,0.9493446350097656,0.5483560562133789,0.8475800156593323,0.3346240818500519,0.9802185893058777
145,0.8003461360931396,0.4763031005859375,-0.5833122730255127,0.9998579621315002,0.8229492902755737,0.6409838199615479,-0.1959906667470932,0.9997678995132446,0.8063209652900696,0.7609328031539917,-0.15365931391716003,0.9962882399559021,0.9098060727119446,0.863118052482605,0.014600603841245174,0.996853232383728,0.7263126373291016,0.4730893075466156,0.10969972610473633,0.9996073246002197,0.7563479542732239,0.638220489025116,0.19547805190086365,0.9997683167457581,0.6340922713279724,0.7262364029884338,0.20001158118247986,0.9505974054336548,0.6047666668891907,0.8476954698562622,0.4044601321220398,0.9802398085594177
146,0.8075894713401794,0.4721996784210205,-0.6137662529945374,0.9998716711997986,0.8314380645751953,0.6346692442893982,-0.2002556473016739,0.9997768998146057,0.8213750123977661,0.7584109902381897,-0.17297784984111786,0.9964814782142639,0.9073194265365601,0.8641943335533142,0.015700869262218475,0.9970635175704956,0.7405098676681519,0.47043633460998535,0.10567263513803482,0.9996305108070374,0.7565990090370178,0.6325812339782715,0.19996148347854614,0.9997734427452087,0.6438403129577637,0.7272567749023438,0.3063739538192749,0.953741729259491,0.6715547442436218,0.8437135815620422,0.633571207523346,0.9810491800308228
147,0.8109948039054871,0.4724957048892975,-0.6169830560684204,0.9998839497566223,0.8333808779716492,0.6331787109375,-0.20075678825378418,0.9997867345809937,0.82273930311203,0.7557758092880249,-0.18245719373226166,0.9966723322868347,0.9061581492424011,0.8641067147254944,-0.008442679420113564,0.9972630143165588,0.7444648742675781,0.47101661562919617,0.08659143000841141,0.9996485114097595,0.7544270753860474,0.6309263110160828,0.20054933428764343,0.9997776746749878,0.6468167901039124,0.7271420955657959,0.3325684666633606,0.9561848044395447,0.6755143404006958,0.8427459597587585,0.6454092860221863,0.981620728969574
148,0.8154396414756775,0.46785062551498413,-0.599113404750824,0.9998942017555237,0.8364209532737732,0.632489800453186,-0.1926974058151245,0.9997511506080627,0.835359513759613,0.752697765827179,-0.13072733581066132,0.996476948261261,0.9046604633331299,0.8633179664611816,0.13019369542598724,0.9972017407417297,0.7575186491012573,0.46272140741348267,0.09358962625265121,0.9996055364608765,0.759283721446991,0.6306679248809814,0.19260023534297943,0.9997325539588928,0.6714549660682678,0.7270894646644592,0.29476800560951233,0.9578848481178284,0.7308217883110046,0.8387605547904968,0.5222734212875366,0.9812318682670593
149,0.8213893175125122,0.46410542726516724,-0.5211281180381775,0.9999014735221863,0.8232843279838562,0.6325206756591797,-0.1856498420238495,0.9997057318687439,0.8481653332710266,0.7489624619483948,-0.1419980823993683,0.9965158700942993,0.9041615128517151,0.8626489043235779,0.0425969697535038,0.9973261952400208,0.7620993852615356,0.463509202003479,0.10308755189180374,0.9986878633499146,0.7556842565536499,0.6329078674316406,0.18567116558551788,0.9995338916778564,0.6963299512863159,0.7276176810264587,0.2659366726875305,0.9600874781608582,0.7823461890220642,0.8337371945381165,0.5641278624534607,0.9814329147338867
150,0.8246200680732727,0.4624340534210205,-0.549383819103241,0.9999099373817444,0.8202818632125854,0.6322489380836487,-0.17895224690437317,0.9997074007987976,0.8560605049133301,0.7472506761550903,-0.13266390562057495,0.9966983795166016,0.9037386178970337,0.8625361919403076,0.0315813384950161,0.9975081086158752,0.7742830514907837,0.46182212233543396,0.03812279924750328,0.9986538887023926,0.7605642080307007,0.6330153942108154,0.17897681891918182,0.9995027184486389,0.7231433987617493,0.7299479842185974,0.36097484827041626,0.9613173604011536,0.8175913095474243,0.8345075249671936,0.7096084952354431,0.9815875291824341
151,0.8309268951416016,0.4626067876815796,-0.5582345128059387,0.9999174475669861,0.8341859579086304,0.6296547055244446,-0.17042385041713715,0.9997128844261169,0.8648002743721008,0.7456234693527222,-0.10145118832588196,0.9969006776809692,0.9038143754005432,0.8623445630073547,0.057803791016340256,0.9976902008056641,0.778968870639801,0.4609679877758026,0.007892009802162647,0.9985847473144531,0.7671073079109192,0.6318280100822449,0.17041195929050446,0.9994738101959229,0.7440869212150574,0.7341451644897461,0.4108808934688568,0.9618222713470459,0.8370782732963562,0.8357702493667603,0.769393265247345,0.9818691611289978
152,0.8301920294761658,0.4621472954750061,-0.5733911395072937,0.9999239444732666,0.8447949886322021,0.6299946904182434,-0.16752544045448303,0.9997119307518005,0.8715486526489258,0.7464460730552673,-0.02626565471291542,0.9970214366912842,0.9054152369499207,0.8619328141212463,0.19701866805553436,0.9978055357933044,0.7756390571594238,0.4620215892791748,0.003187457099556923,0.9985952973365784,0.7728621363639832,0.6333129405975342,0.16743524372577667,0.9994384050369263,0.7700797915458679,0.7385361194610596,0.4681090712547302,0.9598591327667236,0.8543258905410767,0.8359647989273071,0.8364102840423584,0.9813556671142578
153,0.8276315331459045,0.46001511812210083,-0.5774626731872559,0.9999303221702576,0.8451961278915405,0.6291041374206543,-0.16553528606891632,0.9997135400772095,0.8693819642066956,0.7444707155227661,-0.023027149960398674,0.997128427028656,0.9052355289459229,0.8615220785140991,0.2036682814359665,0.9979022145271301,0.7766883969306946,0.4613392651081085,0.007910712622106075,0.9985772371292114,0.7764846086502075,0.6328885555267334,0.16543318331241608,0.9994115233421326,0.7741177678108215,0.7395984530448914,0.45049723982810974,0.9579572081565857,0.8579641580581665,0.8374015688896179,0.8200013041496277,0.9807969331741333
154,0.8256842494010925,0.4624476134777069,-0.5767117142677307,0.999926745891571,0.8392662405967712,0.631420373916626,-0.16807913780212402,0.9995827078819275,0.8763704299926758,0.7479420304298401,0.0400126650929451,0.99684077501297,0.9086739420890808,0.8616241216659546,0.33274945616722107,0.9977676272392273,0.7876953482627869,0.4630868136882782,0.020114775747060776,0.9983691573143005,0.7783488631248474,0.6333526372909546,0.16790716350078583,0.9991759061813354,0.8081039190292358,0.7469995617866516,0.4323124587535858,0.9495651125907898,0.8715718388557434,0.8431037664413452,0.7879597544670105,0.9776711463928223
155,0.8292704820632935,0.46417662501335144,-0.5828057527542114,0.9999284148216248,0.8386379480361938,0.6330080032348633,-0.16831186413764954,0.9994829297065735,0.8821515440940857,0.7497397065162659,0.04272641986608505,0.9964540004730225,0.9113795161247253,0.8618072867393494,0.32839053869247437,0.9975650310516357,0.7875255942344666,0.46370357275009155,0.004180445801466703,0.9983090758323669,0.7815717458724976,0.6343711018562317,0.16808409988880157,0.9989927411079407,0.8173625469207764,0.7478760480880737,0.42724019289016724,0.9411354064941406,0.8732975125312805,0.8453920483589172,0.78099524974823,0.9740757942199707
