frame,left_shoulder_x,left_shoulder_y,left_shoulder_conf,left_hip_x,left_hip_y,left_hip_conf,left_knee_x,left_knee_y,left_knee_conf,left_ankle_x,left_ankle_y,left_ankle_conf,right_shoulder_x,right_shoulder_y,right_shoulder_conf,right_hip_x,right_hip_y,right_hip_conf,right_knee_x,right_knee_y,right_knee_conf,right_ankle_x,right_ankle_y,right_ankle_conf
1,0.69921124,0.48612928,0.33547375,0.7189588,0.6524954,0.5963002,0.71770275,0.7499592,0.39469317,0.7734387,0.86719674,0.49911913,0.64396,0.48224828,0.36739895,0.67099035,0.64982677,0.5326702,0.6824337,0.74487126,0.4549152,0.74902034,0.83522934,0.31287464
2,0.6908468,0.49629337,0.42223775,0.7077302,0.6658851,0.4944527,0.7071514,0.75171804,0.34799805,0.77067816,0.86278737,0.46057835,0.6542827,0.48777577,0.40553328,0.6727587,0.6602583,0.52125186,0.6659655,0.74448586,0.40490183,0.744605,0.8357495,0.33597693
3,0.70022744,0.47769976,0.33817255,0.6995363,0.6688969,0.5183337,0.7208935,0.7584576,0.19838998,0.75755966,0.8593854,0.4127626,0.6596762,0.4727707,0.35463136,0.6542012,0.66970605,0.46695095,0.6333648,0.74546087,0.42958266,0.73148084,0.8489155,0.37715203
4,0.7005867,0.47878954,0.3368565,0.69940627,0.6668598,0.4977216,0.721678,0.7585324,0.19762245,0.75679183,0.86016744,0.40353286,0.65535426,0.4767294,0.2606645,0.6541505,0.6681044,0.4571671,0.6343572,0.7463151,0.39964384,0.7315476,0.84927744,0.36680633
5,0.7169728,0.49405432,0.27047092,0.71658295,0.64845335,0.45524314,0.7186754,0.7334347,0.45461506,0.76931214,0.8605963,0.4078246,0.6453511,0.5031245,0.28085616,0.6554982,0.6538888,0.44275331,0.61137974,0.7309825,0.40878117,0.69998646,0.8517618,0.36301503
6,0.7119197,0.45629138,0.5064078,0.7232775,0.6184533,0.57959,0.62025905,0.71065605,0.40746152,0.6519205,0.86652774,0.6011893,0.6531822,0.4559829,0.51794523,0.6840884,0.61768806,0.50069046,0.69520915,0.7198426,0.29509097,0.7813243,0.8465964,0.5317623
7,0.7106492,0.46263427,0.5671232,0.7037983,0.6346185,0.6031401,0.622447,0.7205922,0.43341815,0.6018586,0.86752105,0.33939663,0.6520212,0.45890063,0.31267062,0.67815465,0.6352267,0.53805226,0.7097379,0.73100936,0.3899684,0.77980316,0.84413475,0.50440407
8,0.71317476,0.46895832,0.63490236,0.7065134,0.6336304,0.5784972,0.6088783,0.7361692,0.41910526,0.5532927,0.871793,0.4687521,0.65816444,0.46713746,0.43445683,0.68165916,0.6343499,0.54967237,0.7233631,0.73949665,0.3989969,0.7936465,0.8538851,0.41642764
9,0.70856845,0.46885276,0.5387407,0.6920724,0.6381846,0.5793156,0.5887727,0.74965733,0.38645998,0.5085138,0.87587017,0.42970082,0.6594349,0.46789122,0.4043933,0.67560565,0.640524,0.4434975,0.71525204,0.74103874,0.42224815,0.7968695,0.85570455,0.39571023
10,0.7078694,0.47035426,0.5280413,0.6899272,0.6369178,0.55558723,0.5873339,0.74917954,0.38832065,0.5095928,0.8756002,0.44327125,0.66509354,0.4687711,0.37673834,0.6770234,0.6402211,0.43354657,0.7173495,0.74198437,0.4321155,0.7910472,0.8553087,0.4463496
11,0.7091057,0.4708535,0.5265052,0.6774298,0.63979644,0.45028788,0.5723903,0.75039995,0.39685845,0.4689635,0.86780536,0.3800264,0.67988104,0.46705633,0.4066183,0.67521596,0.64057875,0.40330127,0.71359766,0.7394173,0.37824205,0.79086256,0.851293,0.4542206
12,0.70313424,0.47308537,0.5254251,0.6698693,0.6379284,0.5082871,0.555544,0.7551005,0.394331,0.45041418,0.8677618,0.44696355,0.69540954,0.47440752,0.53295726,0.68024373,0.6420534,0.4330413,0.70968217,0.7407119,0.448723,0.7942063,0.8497619,0.4269453
13,0.7061206,0.47596404,0.5073874,0.6741469,0.6476886,0.55684555,0.5546311,0.74589556,0.38836908,0.4284081,0.87252486,0.41194096,0.67668056,0.47412074,0.49526513,0.6663154,0.64913833,0.4637107,0.684392,0.7399188,0.36923108,0.7926676,0.85051215,0.43585142
14,0.70954156,0.4782086,0.4972061,0.67221785,0.65407056,0.57608104,0.5385512,0.74030066,0.436691,0.42171204,0.87809515,0.3911857,0.6632693,0.4719952,0.47696614,0.65743023,0.6569456,0.5094851,0.6717822,0.7385263,0.344511,0.79198384,0.8465271,0.47495708
15,0.69080967,0.48395526,0.54286635,0.65106106,0.66304326,0.46454057,0.5226375,0.74159545,0.3470315,0.4063804,0.889395,0.48204035,0.6469401,0.47721517,0.44974622,0.63583195,0.6637082,0.3887099,0.6431006,0.75840986,0.29388812,0.7847346,0.8443248,0.4380817
16,0.6867327,0.48013195,0.4967115,0.65120804,0.66010654,0.43294218,0.52408016,0.7407241,0.3826103,0.40690202,0.8899161,0.45147663,0.63678586,0.47509772,0.4952474,0.6345273,0.6616609,0.36583224,0.6406412,0.758603,0.2909776,0.785967,0.8443123,0.43256935
17,0.6751491,0.49974376,0.55730385,0.64887923,0.6596058,0.46374905,0.6413392,0.76665586,0.42052045,0.77900374,0.8380711,0.3940595,0.6434404,0.4930517,0.40813392,0.60777795,0.6587814,0.39010274,0.50637364,0.72893953,0.36613473,0.39365813,0.8849856,0.5598261
18,0.6407326,0.49705577,0.45263392,0.6355895,0.68445987,0.43189195,0.500551,0.7378573,0.22729842,0.7749914,0.8406886,0.30671677,0.57456434,0.49050447,0.37887326,0.58784455,0.685883,0.38211134,0.47839066,0.7349314,0.3101928,0.38915217,0.88722724,0.488295
19,0.6245394,0.51063186,0.48518318,0.62391615,0.69055814,0.39736795,0.45831427,0.7347624,0.21570924,0.38040668,0.88480186,0.42057717,0.5279822,0.51537544,0.28239083,0.5690937,0.69334376,0.35095632,0.45448864,0.7344936,0.21189925,0.3857571,0.88201445,0.38343498
20,0.6030753,0.51999545,0.54605955,0.60926,0.6947011,0.51398087,0.58265764,0.7987453,0.49469668,0.7682576,0.8362937,0.39817864,0.50518656,0.5217118,0.3671738,0.53749824,0.6963793,0.46173754,0.40782344,0.73797965,0.2989434,0.36526233,0.8816077,0.66088444
21,0.5865652,0.54424936,0.38927814,0.58411837,0.71211624,0.4218037,0.5554628,0.8192959,0.36841708,0.7549781,0.8377663,0.35185418,0.47770998,0.5588404,0.21466203,0.51503897,0.7097296,0.3762485,0.38373026,0.7330706,0.4402275,0.36501107,0.8824978,0.53270334
22,0.5840781,0.5400758,0.41720584,0.5859487,0.7014808,0.4586752,0.5546549,0.8196415,0.3656953,0.752522,0.83732283,0.342928,0.46539408,0.5472189,0.3020682,0.5120636,0.7002274,0.4586293,0.38546675,0.7326812,0.44498178,0.36624712,0.88351667,0.5383172
23,0.54742247,0.5422449,0.40201393,0.58736694,0.703485,0.46134767,0.54967844,0.8340342,0.45270967,0.7541658,0.8316571,0.32218924,0.4777252,0.55838495,0.36017165,0.54264605,0.7114954,0.45166528,0.3729685,0.735984,0.47275868,0.36640364,0.8843632,0.7091413
24,0.5528369,0.5449849,0.47734344,0.59289753,0.6983403,0.55981034,0.55806494,0.8402294,0.54792583,0.74459195,0.8323184,0.42527884,0.43470562,0.5772022,0.3548772,0.52427906,0.71267104,0.43236798,0.36012492,0.7387897,0.40857202,0.37258634,0.8868545,0.6376034
25,0.5302725,0.5430569,0.44535184,0.58605695,0.7118548,0.50497144,0.5539261,0.8471348,0.6277762,0.73553133,0.83671474,0.39807224,0.43205023,0.5523881,0.5519136,0.5250283,0.71427834,0.4261623,0.3560819,0.7385881,0.41398233,0.37588948,0.8820201,0.66572756
26,0.5487506,0.53229606,0.44083813,0.5896709,0.72054565,0.6269593,0.5505889,0.8595003,0.5914758,0.73496604,0.83697486,0.44445413,0.4159094,0.564777,0.51350665,0.51335305,0.7224037,0.53586483,0.349006,0.7467102,0.42907503,0.37668666,0.8829002,0.63586134
27,0.5405439,0.5631957,0.55085224,0.58216596,0.73434633,0.54958045,0.35810623,0.7471258,0.31762025,0.38490722,0.88882846,0.47665027,0.46885487,0.55435055,0.61659515,0.5450623,0.7321479,0.43340817,0.5340215,0.85636604,0.26328838,0.73736495,0.8347573,0.3596481
28,0.5393615,0.5616559,0.547649,0.5812664,0.7327193,0.5571697,0.5413126,0.85942507,0.41366178,0.38571334,0.8896141,0.44424105,0.4672415,0.55443645,0.6118508,0.54270446,0.7307815,0.44498602,0.34495077,0.74538803,0.36365396,0.37336513,0.886712,0.5182791
29,0.5211736,0.56450063,0.49808586,0.56769973,0.7323441,0.47559673,0.5547511,0.8657085,0.67850953,0.7385925,0.83109486,0.5134985,0.45794797,0.5547271,0.4590415,0.52216023,0.7294106,0.43034932,0.3410748,0.7494234,0.5303334,0.38142836,0.88607025,0.575631
30,0.5240975,0.56976783,0.4335492,0.5778192,0.74943274,0.5556731,0.55706173,0.86676526,0.66079557,0.7370309,0.8305549,0.45460737,0.48255822,0.55915594,0.48658493,0.5278059,0.74089634,0.49889305,0.34220493,0.7510066,0.61381817,0.37601733,0.88933843,0.5145833
31,0.5335256,0.5842632,0.34192178,0.5802257,0.7547611,0.45679843,0.35407126,0.7495209,0.31356484,0.38552666,0.890643,0.43189555,0.52321213,0.5758213,0.3972978,0.5671867,0.75390327,0.38871613,0.53480136,0.8650887,0.23266143,0.38888872,0.88933635,0.38844872
32,0.53161615,0.5900769,0.34228843,0.5836788,0.75630915,0.54755443,0.53905773,0.872848,0.27280414,0.3879603,0.88950723,0.4903238,0.53521454,0.5840833,0.37358317,0.56740737,0.75428593,0.47380894,0.3563548,0.7503933,0.31617895,0.38970459,0.88673466,0.47998667
33,0.4963108,0.5854775,0.41091228,0.57982403,0.76078975,0.5239021,0.3521332,0.74960876,0.33473244,0.38619158,0.8887955,0.49089232,0.52193177,0.5838245,0.354817,0.57348055,0.7586598,0.37035996,0.5492406,0.8725537,0.22738838,0.38962314,0.8872163,0.3930493
34,0.49557993,0.58616966,0.4084414,0.5787263,0.76144576,0.5190202,0.35115534,0.7485683,0.3511685,0.38584143,0.8892052,0.51740974,0.53528744,0.5837175,0.33263862,0.5857395,0.759994,0.45908114,0.55247205,0.87214386,0.28697252,0.39080307,0.8879039,0.35187405
35,0.513525,0.5881059,0.40024304,0.58688194,0.764826,0.5283225,0.5588299,0.87607574,0.35678396,0.7351345,0.83123106,0.41081002,0.49648917,0.5848036,0.43493557,0.5511236,0.7623613,0.46145645,0.34148914,0.75006115,0.44047168,0.38681442,0.88506615,0.50333625
36,0.5255598,0.5987961,0.5037316,0.5879061,0.7651119,0.5272651,0.56486917,0.8797917,0.4717207,0.73571527,0.83058304,0.4467788,0.49160394,0.5966091,0.4003378,0.5437082,0.76109827,0.51711076,0.340857,0.7525892,0.5480785,0.38579723,0.88743246,0.41429648
37,0.5345735,0.6017741,0.37626368,0.5885043,0.7681966,0.51096386,0.5600554,0.8807517,0.41209695,0.7338339,0.8312129,0.4198161,0.51011384,0.60306644,0.4227113,0.54676205,0.7642404,0.5048998,0.34114802,0.75316286,0.51589847,0.38631105,0.88809156,0.37189725
38,0.5193941,0.6026706,0.4199821,0.57252663,0.77200675,0.3594642,0.54586136,0.8738053,0.22994006,0.38794455,0.8893621,0.49151817,0.520097,0.6045745,0.41854692,0.56345105,0.76314014,0.48108098,0.35543567,0.75304365,0.306321,0.39051184,0.885535,0.37226152
39,0.5214765,0.6031041,0.4288306,0.5721996,0.77343625,0.3864442,0.34075558,0.7557086,0.47954148,0.38674614,0.88756645,0.58289963,0.5175813,0.6039372,0.42228705,0.56589043,0.7641995,0.4837719,0.5425056,0.8694772,0.2305146,0.3915021,0.88337016,0.34938365
40,0.52365506,0.60395306,0.42728543,0.57268494,0.7728518,0.37083778,0.34218013,0.7576109,0.41871667,0.38682652,0.8877989,0.5420536,0.51635015,0.6045331,0.42228383,0.5623243,0.7635393,0.48646405,0.3421534,0.7547702,0.38527745,0.38992724,0.8832375,0.37025586
41,0.5141909,0.6007812,0.39373302,0.5785483,0.7629856,0.5091688,0.3384735,0.7541267,0.5077683,0.38518304,0.8879074,0.6046555,0.5184042,0.59884065,0.3267513,0.57056713,0.761884,0.4108898,0.5550578,0.87254393,0.40976125,0.7314285,0.8322992,0.33287382
42,0.5213622,0.60633945,0.3879513,0.570081,0.7696149,0.32582718,0.34125683,0.7527897,0.48168144,0.38590515,0.8888561,0.5522275,0.51871693,0.6014903,0.3217409,0.56706667,0.76782143,0.32639408,0.56004393,0.8738601,0.373501,0.7348904,0.8320066,0.27307412
43,0.5162974,0.59937733,0.42589933,0.5810679,0.76457924,0.5039294,0.34193808,0.7537861,0.47535163,0.38711333,0.8890228,0.56039965,0.5115489,0.5906477,0.3844225,0.5664747,0.76250434,0.46154848,0.55512595,0.87392396,0.34722048,0.7326627,0.83274746,0.31665164
44,0.5208916,0.59459263,0.4822076,0.5806757,0.7618424,0.54570013,0.5568974,0.86720276,0.30206227,0.38846323,0.88762665,0.4449422,0.51992816,0.5924893,0.5305976,0.56412256,0.7603211,0.4935107,0.3432219,0.7497174,0.3793067,0.3894108,0.8839394,0.42125967
45,0.5366112,0.5896393,0.35692117,0.5716293,0.7562163,0.42378703,0.55309033,0.8623089,0.33153254,0.38887614,0.8875796,0.4605155,0.51706463,0.5920925,0.46031815,0.54869807,0.75520104,0.43944868,0.34464002,0.7472997,0.35609314,0.38974687,0.88366413,0.43007937
46,0.53548574,0.588286,0.3442306,0.57258797,0.75656617,0.424836,0.55318224,0.8618309,0.32592478,0.3885637,0.88705105,0.47069976,0.5158882,0.5907757,0.4449391,0.54958516,0.75523555,0.4406484,0.35320705,0.7472541,0.3212506,0.38932,0.8833009,0.43229595
47,0.5256513,0.5593633,0.28245834,0.57730085,0.7208745,0.49287713,0.55368435,0.8609308,0.4262962,0.74261755,0.8297755,0.32369485,0.5191034,0.56621057,0.30924326,0.5443967,0.7268982,0.37420532,0.35559046,0.7380061,0.3021967,0.3884915,0.88494027,0.36554736
48,0.56777394,0.5599304,0.46255663,0.5889776,0.73286927,0.51113045,0.54742163,0.85340065,0.4320885,0.39139593,0.8879551,0.43680036,0.49662387,0.56367284,0.49297863,0.54321814,0.73403287,0.5334358,0.3561501,0.73668575,0.45990118,0.38870257,0.88250375,0.4554481
49,0.547952,0.55191344,0.41138065,0.6022888,0.70412946,0.46988815,0.5556955,0.84576863,0.30781096,0.38035578,0.879181,0.39960378,0.46449268,0.5594386,0.5216901,0.5619513,0.7152624,0.37875706,0.35967717,0.7236823,0.36512506,0.38063204,0.87604135,0.38023174
50,0.53379416,0.54352534,0.52027196,0.6011094,0.70422405,0.5976367,0.5649381,0.8392381,0.5236699,0.7716889,0.8238913,0.5295157,0.47197568,0.5602616,0.4488853,0.5610516,0.71831197,0.52391994,0.38013563,0.73007435,0.5902027,0.37989527,0.87534827,0.61113334
51,0.5847578,0.53516674,0.4901215,0.5990398,0.7137594,0.5482142,0.5671673,0.82532775,0.61632204,0.77412957,0.82897013,0.47348753,0.5432004,0.54458326,0.42667466,0.56087,0.71723604,0.542025,0.40396404,0.7320863,0.5321001,0.38299608,0.88188064,0.67478406
52,0.586456,0.534057,0.5291827,0.6004237,0.71333253,0.56070894,0.56710845,0.82553554,0.623241,0.77455014,0.82860756,0.4904485,0.5440159,0.54498684,0.46968034,0.57125175,0.7180094,0.5601288,0.40325922,0.73211503,0.5819935,0.38327,0.88249254,0.69807357
53,0.6034498,0.5283339,0.45018023,0.6206409,0.7010543,0.5835072,0.5778927,0.819189,0.50403327,0.78009814,0.82929933,0.44676834,0.5398911,0.5260408,0.40413442,0.5619574,0.7012169,0.54037476,0.41786647,0.7357509,0.49056253,0.38417166,0.8824713,0.63617826
54,0.63509434,0.5210749,0.32499114,0.64149845,0.6908591,0.4768579,0.58097047,0.8010983,0.25274098,0.7770948,0.82565683,0.37214416,0.5621196,0.5251272,0.3136165,0.590778,0.69292855,0.39572838,0.45151967,0.73030275,0.3694762,0.38795477,0.8782772,0.4088137
55,0.6509019,0.49757358,0.35283008,0.66160905,0.6692931,0.4575937,0.510151,0.741552,0.24690866,0.39824998,0.8800497,0.34734735,0.5909395,0.49200937,0.36903998,0.61793303,0.67307293,0.3747972,0.56147504,0.7886933,0.10448934,0.40232372,0.88151884,0.2640056
56,0.652994,0.47658634,0.40516168,0.6796453,0.64544415,0.4399169,0.5362174,0.7332351,0.39954612,0.42294618,0.87624305,0.39546415,0.59638757,0.4670708,0.41598296,0.6613674,0.6515317,0.38089097,0.620911,0.77500075,0.22792928,0.79246116,0.82624215,0.4183681
57,0.6937872,0.46714538,0.41217688,0.70885324,0.63620687,0.41766167,0.6384207,0.7547149,0.4244246,0.79188025,0.82876885,0.3299251,0.6212826,0.47640145,0.30883157,0.6532624,0.646286,0.48997998,0.56885695,0.73650783,0.5714613,0.44352794,0.87362355,0.5213927
58,0.6925353,0.46734023,0.4061807,0.70870703,0.6358527,0.40886214,0.64024466,0.75545216,0.4311979,0.7913257,0.82903785,0.33489406,0.6202153,0.47676402,0.30776188,0.6523715,0.64572334,0.4795226,0.56887394,0.7361684,0.59066993,0.44393933,0.8736061,0.54976654
59,0.7061903,0.46634588,0.40789834,0.7203777,0.63269925,0.53683406,0.66566056,0.7381798,0.48036838,0.80409354,0.82479084,0.3075996,0.6593196,0.46361503,0.38234308,0.675122,0.63860947,0.42252865,0.5916938,0.7248806,0.3440985,0.4719792,0.8709185,0.38267043
60,0.72171754,0.47181273,0.42051947,0.7198204,0.63266075,0.54982036,0.61202526,0.72754806,0.35072976,0.5160045,0.87344515,0.5056932,0.68885875,0.4685918,0.36896455,0.71378684,0.6320394,0.45035392,0.67854357,0.7306838,0.3857937,0.80758345,0.82751817,0.4593833
61,0.72472143,0.4611617,0.4015756,0.738384,0.61694396,0.52717346,0.63775605,0.71825194,0.41923884,0.5604379,0.8664148,0.48884356,0.70775145,0.46244955,0.35387212,0.7443727,0.6182154,0.34079808,0.6912496,0.7258074,0.32770738,0.8087749,0.8318204,0.4315356
62,0.7466685,0.45507893,0.43993038,0.764477,0.614828,0.52480924,0.71408814,0.71690285,0.57066137,0.82205075,0.83120775,0.382131,0.71545434,0.4555007,0.37591112,0.7255704,0.61371696,0.484595,0.6343195,0.6979148,0.50583076,0.61625683,0.8531804,0.52975297
63,0.75319123,0.44820353,0.4216187,0.76543796,0.6108358,0.5144979,0.664778,0.7152363,0.49395424,0.6872548,0.8577244,0.39900506,0.74097395,0.4464444,0.4296067,0.77068555,0.6101252,0.38672638,0.7006799,0.7139368,0.27874362,0.8262106,0.8328421,0.45349726
64,0.75227344,0.4483148,0.4352596,0.7696265,0.60903335,0.41808975,0.66311085,0.7146033,0.48551565,0.68501616,0.8570279,0.45264962,0.7398577,0.4463278,0.42719832,0.78138345,0.6095189,0.38879284,0.70510375,0.71403426,0.3225586,0.8273644,0.8313329,0.48258883
65,0.7547579,0.44409204,0.5568814,0.77690357,0.60461324,0.45743603,0.6673373,0.7070312,0.5979938,0.7320913,0.8443116,0.56160605,0.7518096,0.4401848,0.41493416,0.79955244,0.605013,0.3806463,0.7244288,0.71629107,0.37648258,0.8247609,0.82673115,0.48436147
66,0.7674173,0.4468692,0.50872064,0.7959491,0.6116115,0.5801915,0.72346014,0.71428436,0.35107607,0.81405866,0.8468933,0.42625758,0.7549302,0.44646227,0.46947008,0.77998894,0.6110356,0.46891314,0.68304086,0.70189255,0.53745735,0.77334255,0.8286859,0.27548885
67,0.7801132,0.45512852,0.5696703,0.7944708,0.6128892,0.53501976,0.7338972,0.7148947,0.42745876,0.8318503,0.8451692,0.41751578,0.763762,0.4532982,0.44810864,0.7796875,0.6149343,0.3203306,0.6994581,0.70508265,0.5293822,0.8126912,0.82539093,0.3660026
68,0.7855823,0.4680117,0.39415732,0.79829884,0.622761,0.47751176,0.7490291,0.7198372,0.49298608,0.8350518,0.8471123,0.39192224,0.74204105,0.4688531,0.2714615,0.76222795,0.6280138,0.41105095,0.7162467,0.7181279,0.4993279,0.813996,0.83022285,0.3410946
69,0.7924441,0.5328503,0.26989868,0.7931954,0.6747217,0.44835815,0.76527566,0.73638475,0.2145353,0.83740723,0.8527863,0.36250183,0.7870053,0.5211077,0.26667824,0.7752037,0.6706194,0.36785948,0.7568675,0.7339777,0.31029782,0.8297354,0.82842606,0.40149197
70,0.79247236,0.53186417,0.2569981,0.7948374,0.675827,0.44809216,0.75996274,0.73417485,0.29655996,0.8387117,0.85217106,0.35554254,0.7811718,0.52150095,0.26117587,0.7724811,0.67175543,0.37657022,0.7574567,0.73307484,0.30421495,0.8222699,0.8282683,0.30892813
71,0.7848543,0.48278433,0.31515995,0.7838072,0.648859,0.44671243,0.8010231,0.74029267,0.27050748,0.86224955,0.85003555,0.39975938,0.76888365,0.48167306,0.257134,0.7550122,0.6464399,0.45225346,0.7613654,0.7315856,0.28606445,0.8319489,0.8272664,0.38379368
72,0.7528845,0.465168,0.38415268,0.77096266,0.62615144,0.47590944,0.7904929,0.7305647,0.44616595,0.85661256,0.85469747,0.42803583,0.7951874,0.4664037,0.42375192,0.7950618,0.6253772,0.4147276,0.80708516,0.72551596,0.36730412,0.85713196,0.8320834,0.44213408
73,0.7842699,0.46714923,0.30446133,0.80704254,0.62636685,0.4670451,0.8243278,0.74389887,0.4289247,0.8777801,0.85127425,0.26781598,0.765717,0.46950457,0.35381114,0.7722475,0.6252386,0.42812848,0.79501456,0.7403562,0.46677908,0.8321027,0.829487,0.4224464
74,0.7916106,0.46832007,0.3329284,0.8210343,0.6331916,0.4733478,0.82781,0.7437116,0.4118564,0.86845315,0.85446256,0.3198683,0.7716991,0.46940312,0.32542363,0.7817234,0.6319237,0.43164214,0.7949621,0.7380745,0.3766039,0.8313569,0.8322364,0.42696324
75,0.7859921,0.4686875,0.30928952,0.8099482,0.6372498,0.49021217,0.8237997,0.74748564,0.4623292,0.8751575,0.8609993,0.41569158,0.77030313,0.47027558,0.37019622,0.777414,0.63412744,0.45483986,0.79618526,0.7421617,0.418652,0.84068584,0.83643734,0.45866606
76,0.78829855,0.46782374,0.33331263,0.8153376,0.63502014,0.496455,0.8229079,0.747549,0.46102315,0.8725529,0.861516,0.37627542,0.767725,0.469554,0.37449607,0.7757804,0.6333274,0.45386827,0.7954826,0.74135345,0.41532484,0.8349337,0.8391501,0.44440135
77,0.81294507,0.46432012,0.37557623,0.82348174,0.6358115,0.5201628,0.82629365,0.7481402,0.43488225,0.87573564,0.86056846,0.46504286,0.7566676,0.4676878,0.34169975,0.7658162,0.6340201,0.49525398,0.7826835,0.7383813,0.3485031,0.83248925,0.8370148,0.3796696
78,0.7746378,0.4692664,0.37454933,0.79812044,0.6333362,0.49941897,0.81119174,0.7378306,0.28042486,0.8632823,0.857818,0.32534012,0.83090127,0.46924537,0.41270283,0.841115,0.63276124,0.3755678,0.8186256,0.7360822,0.44664755,0.8565602,0.8365284,0.39193997
79,0.7572284,0.47323412,0.45093226,0.780887,0.63827324,0.61804324,0.7769283,0.739515,0.40470406,0.8415954,0.8578602,0.3080682,0.84539264,0.4752035,0.4280711,0.8572239,0.63288677,0.4689537,0.84510684,0.7401953,0.58792657,0.88147473,0.84541774,0.42895362
80,0.76456064,0.47313353,0.41680983,0.78106683,0.643667,0.52830815,0.7449484,0.72741973,0.38060167,0.825156,0.8535237,0.33705938,0.85804987,0.4764864,0.3368575,0.85898745,0.64210165,0.41589946,0.84040356,0.7368464,0.5710051,0.8822335,0.8494548,0.44304708
81,0.76245683,0.48022717,0.4362651,0.7742975,0.63955534,0.43280497,0.7192594,0.7288591,0.4169354,0.8103809,0.84565747,0.27690145,0.84734553,0.48709863,0.40552363,0.8497201,0.63972354,0.3928455,0.8375505,0.74229926,0.53800154,0.88383424,0.84591717,0.4504289
82,0.7626263,0.47941673,0.42688462,0.7763444,0.63707674,0.5537623,0.71970344,0.72949207,0.44156745,0.82018775,0.8466139,0.338836,0.84697384,0.48547634,0.39434236,0.8486979,0.6342365,0.47930086,0.8369896,0.7420486,0.5163553,0.88382185,0.8468536,0.41558868
83,0.8111295,0.46540582,0.29623935,0.80291605,0.62793994,0.41380012,0.7053536,0.7153573,0.3823632,0.83917356,0.84705067,0.2507685,0.7878887,0.46281713,0.25967097,0.779978,0.6251729,0.3332694,0.7103932,0.71227926,0.31189597,0.82476354,0.8355173,0.27939245
84,0.8213037,0.48812196,0.3346369,0.82540846,0.6469513,0.3801142,0.6781096,0.71403134,0.4240884,0.87402356,0.85113966,0.34501204,0.80465645,0.48472738,0.3045054,0.8016721,0.64149237,0.35628247,0.67287177,0.710488,0.41786742,0.7739443,0.8277929,0.28979108
85,0.83485097,0.4864728,0.45868254,0.83994246,0.62080294,0.3829202,0.82438695,0.72684693,0.44630933,0.8863139,0.8567969,0.35634044,0.76313365,0.47658843,0.36295608,0.7701618,0.6161881,0.3970321,0.65517515,0.701322,0.6010507,0.71354026,0.8369688,0.5619488
86,0.8397149,0.48633155,0.46658728,0.83835787,0.63158953,0.4594883,0.8278967,0.7360033,0.45773038,0.89553547,0.85783494,0.33146158,0.78959054,0.476237,0.33738145,0.79735875,0.63059187,0.3460462,0.6479335,0.684379,0.44462383,0.65796363,0.8370943,0.38624415
87,0.8208411,0.4672688,0.43195465,0.8076588,0.6224325,0.36388612,0.64798546,0.68373626,0.36211628,0.5994346,0.8343402,0.48701137,0.8246195,0.4563913,0.42527094,0.827705,0.6218443,0.32130012,0.82512283,0.7369269,0.4032643,0.8877678,0.8530926,0.4126237
88,0.80149305,0.46216068,0.37359747,0.8011925,0.6172512,0.33274308,0.64665586,0.6832849,0.3614967,0.59750366,0.83302563,0.41530183,0.83221626,0.45786196,0.31965053,0.8491912,0.61686784,0.30911833,0.8270427,0.73535717,0.44052833,0.88813275,0.85400146,0.46436659
89,0.78115743,0.47123763,0.43262392,0.7801254,0.6226934,0.40579858,0.6582467,0.69700146,0.5344298,0.5478195,0.82916224,0.5543801,0.83341,0.46877825,0.4297504,0.8318226,0.62403214,0.40345946,0.82195413,0.73896825,0.45298707,0.8900007,0.852808,0.4406874
90,0.8267679,0.4719878,0.59336656,0.8109101,0.62686455,0.51908267,0.8163282,0.7391069,0.57875204,0.8915546,0.862205,0.3918691,0.75561273,0.46588203,0.39302287,0.7441096,0.6249978,0.48849764,0.6390531,0.70211434,0.55081856,0.50740784,0.82690877,0.66231334
91,0.8201813,0.46678013,0.44471246,0.8037734,0.6324689,0.6039898,0.8090589,0.7453946,0.56743944,0.8858478,0.8604523,0.3322606,0.75783336,0.44990087,0.37366933,0.7407906,0.6238892,0.47242334,0.61133194,0.70991224,0.4991997,0.47702265,0.8255934,0.488394
92,0.8157574,0.4667105,0.45612267,0.7973348,0.6343,0.61686546,0.78735155,0.7511159,0.42909595,0.8813729,0.85448426,0.45273212,0.7596098,0.4508303,0.3652676,0.7394179,0.625278,0.45569086,0.6028801,0.7098572,0.48718965,0.454549,0.82718813,0.46295702
93,0.7944092,0.46946996,0.41716883,0.78730935,0.63603204,0.49289975,0.7752106,0.75608176,0.57341886,0.8802378,0.8632218,0.4585909,0.74139476,0.44865036,0.33022466,0.73302615,0.6299989,0.4554634,0.58470434,0.71350384,0.46656713,0.43585694,0.8304676,0.48882145
94,0.7932602,0.47000918,0.42349288,0.78718543,0.6376935,0.55507237,0.77689886,0.75635254,0.58210075,0.8806329,0.8633765,0.46558604,0.7394682,0.44982755,0.3345544,0.7317764,0.63070506,0.4512317,0.5829175,0.71429414,0.49596995,0.43598813,0.83046114,0.48510742
95,0.77425385,0.48376772,0.32147238,0.7757777,0.65072656,0.5025904,0.7608301,0.7717055,0.39367196,0.8791709,0.86613894,0.46357763,0.71777284,0.47621414,0.22797784,0.7158905,0.64377666,0.38328984,0.57013947,0.7179086,0.5697755,0.42871308,0.84179294,0.58858836
96,0.7831209,0.48039502,0.4053636,0.76419675,0.6574164,0.51324683,0.7473962,0.7855975,0.49189442,0.8750052,0.86123645,0.4405457,0.7245903,0.4643771,0.38583633,0.6997194,0.6503697,0.45026216,0.5524857,0.7255503,0.45038244,0.42844385,0.8512997,0.64254385
97,0.7642654,0.50547564,0.37702265,0.7576649,0.66528106,0.45403188,0.71924424,0.79577655,0.5501388,0.8724308,0.8497484,0.37944302,0.7221875,0.492331,0.28349558,0.6988863,0.6630522,0.34977752,0.53468716,0.729179,0.43665987,0.41442809,0.850223,0.54357415
98,0.7234406,0.5096108,0.26856714,0.75032663,0.67146724,0.48402995,0.70255256,0.8033141,0.5429112,0.85196966,0.85266495,0.2687369,0.6565926,0.50740844,0.2503071,0.68016636,0.67086804,0.37505797,0.5165975,0.7298844,0.42883646,0.40335768,0.85236824,0.5336406
99,0.7109346,0.515496,0.3091466,0.7242155,0.68095756,0.45316267,0.67502606,0.8149744,0.62104964,0.8480123,0.8515381,0.24174424,0.63098633,0.50456756,0.36635008,0.64534223,0.67437613,0.46666345,0.5109541,0.7192607,0.60780245,0.3920896,0.8498645,0.57296026
100,0.70830894,0.5156031,0.3222467,0.72303337,0.6819724,0.47635543,0.6757158,0.81548643,0.6187197,0.84884405,0.85193986,0.24683473,0.6247041,0.5079119,0.39636895,0.6442431,0.6750249,0.48001897,0.5108838,0.7192027,0.6164544,0.39166066,0.84956974,0.5815944
101,0.6964086,0.51463896,0.5210555,0.715731,0.6931478,0.5871624,0.6618061,0.8259702,0.58565706,0.8405976,0.8580162,0.38007542,0.6296234,0.5063232,0.4689221,0.6437137,0.694657,0.48900375,0.49127334,0.7170391,0.56108534,0.3802126,0.85737246,0.65661615
102,0.68534344,0.48658428,0.37858906,0.70267844,0.67990416,0.62630004,0.6462419,0.83358514,0.6013341,0.8401887,0.85462296,0.4196652,0.56743187,0.5011153,0.38174647,0.607392,0.6811333,0.55560297,0.4616638,0.71965873,0.5393458,0.3796602,0.85955113,0.6668979
103,0.6544713,0.49646467,0.37766892,0.6767852,0.69764626,0.6797106,0.6332054,0.8445376,0.46972758,0.83732486,0.8457388,0.27070966,0.53779256,0.51881397,0.3661308,0.58579326,0.6948823,0.5847302,0.4348352,0.72125316,0.40056294,0.377958,0.8622638,0.6461958
104,0.6365553,0.51589,0.4011763,0.6713977,0.7079699,0.5677897,0.62220395,0.85103583,0.68082,0.8286523,0.85169053,0.38823125,0.509438,0.5318736,0.4983036,0.5816512,0.7021357,0.5947936,0.42861122,0.71811247,0.4674281,0.3780424,0.86052126,0.7222165
105,0.6448083,0.51743966,0.3885562,0.66273254,0.7084858,0.6719205,0.6145933,0.8528353,0.6540072,0.82941794,0.8507308,0.3775313,0.52094066,0.5335304,0.47199276,0.58623827,0.7058272,0.5356494,0.4217695,0.71833366,0.54322475,0.38034305,0.85974455,0.7797907
106,0.647931,0.52039796,0.44239053,0.6624472,0.7119908,0.6966012,0.61551607,0.8534864,0.6462288,0.8283652,0.8509032,0.3887333,0.5272094,0.5360204,0.50239325,0.5861755,0.708065,0.553025,0.42134973,0.71769994,0.65445024,0.38002127,0.86030054,0.7727501
107,0.61155987,0.5503777,0.5425067,0.6494482,0.7272462,0.5371551,0.6038862,0.8599434,0.51005507,0.81728125,0.85823524,0.38931033,0.5235782,0.5591306,0.5495441,0.5846988,0.7218641,0.5271953,0.41624248,0.7197827,0.45157474,0.3820455,0.8599064,0.7848854
108,0.58737576,0.544622,0.41377372,0.64913404,0.72201073,0.4916181,0.601897,0.8643178,0.5090177,0.81866544,0.8621759,0.3821978,0.47502172,0.55772513,0.24437599,0.56578565,0.71139663,0.41489497,0.40741783,0.7137412,0.5274133,0.38398024,0.86097455,0.6929315
109,0.6048002,0.53968525,0.43010467,0.6551272,0.72812814,0.58942425,0.6039978,0.86534303,0.6894727,0.81464285,0.8667051,0.41310686,0.50246966,0.54282784,0.49105853,0.5863979,0.7163238,0.5305318,0.40556192,0.7138099,0.5281289,0.38266462,0.8635032,0.7826378
110,0.6063249,0.5650264,0.4668932,0.64365244,0.7324144,0.47317922,0.5974602,0.87465924,0.688411,0.8080152,0.86595225,0.37972224,0.51544845,0.55434036,0.411068,0.56611925,0.71515125,0.49233705,0.39411253,0.71430945,0.46402463,0.38372287,0.86492133,0.72372997
111,0.5738547,0.58111566,0.32766107,0.64016867,0.74637055,0.49313855,0.60165215,0.87867993,0.5833519,0.8162589,0.86268127,0.3879862,0.4785388,0.5989667,0.36674795,0.5462635,0.7351693,0.3929568,0.388296,0.71590513,0.4558049,0.38423938,0.8644614,0.57607996
112,0.5653071,0.58292824,0.45637178,0.64108014,0.74610513,0.49705717,0.60171896,0.8787992,0.58315057,0.81664914,0.8623633,0.38342702,0.4779974,0.5987228,0.34203646,0.5593667,0.73785156,0.4249399,0.3883875,0.71718323,0.43960443,0.38403815,0.8649115,0.551664
113,0.5810303,0.585269,0.32849473,0.6421018,0.7505953,0.47635737,0.5979032,0.88234556,0.560865,0.7988715,0.86719584,0.36198762,0.5077311,0.58819807,0.39373422,0.5627271,0.7354027,0.41765565,0.3865136,0.7205851,0.42938018,0.38314176,0.86331546,0.49179292
114,0.56694686,0.59606636,0.43140736,0.64449024,0.7551061,0.47267556,0.5865525,0.88407576,0.3773528,0.7971298,0.86566085,0.3302689,0.524583,0.5930259,0.42298093,0.58875966,0.74914956,0.3060288,0.384219,0.7240324,0.26824018,0.3857617,0.8664343,0.34249932
115,0.5577202,0.5905368,0.34764808,0.6437892,0.75755775,0.5157795,0.5800785,0.8834271,0.40027684,0.38640746,0.8698689,0.4642271,0.5737908,0.58669466,0.3543452,0.63465273,0.7524833,0.31197625,0.39793095,0.7234575,0.1783908,0.38537604,0.8673522,0.28872508
116,0.53438246,0.59970194,0.41632232,0.6412116,0.7555051,0.5305122,0.5757139,0.8834469,0.3413509,0.38639364,0.8682704,0.48273736,0.55384606,0.59356964,0.43389267,0.647576,0.7523223,0.42489332,0.58349824,0.88040555,0.37073216,0.79728496,0.8623849,0.33262295
117,0.53517294,0.59854376,0.42717323,0.6427164,0.76085633,0.5358376,0.57715696,0.88651013,0.41055375,0.38417277,0.8695135,0.49758595,0.5549071,0.59245884,0.4069456,0.6459924,0.7569441,0.43268302,0.5792586,0.8828554,0.36927938,0.3855365,0.8679029,0.25067425
118,0.53056836,0.60159224,0.40144035,0.64359236,0.76056755,0.5400288,0.5773386,0.8865799,0.41713172,0.3848424,0.8699535,0.48086002,0.55386674,0.5953202,0.4228928,0.6465616,0.75659055,0.43793666,0.5771835,0.88217115,0.35349068,0.3858016,0.8683363,0.24979395
119,0.523255,0.60383964,0.419165,0.6416316,0.7615752,0.5469708,0.5736612,0.88682425,0.38199854,0.38490415,0.86982274,0.50308347,0.5546875,0.59491605,0.4150098,0.65189093,0.75717163,0.42414817,0.5780429,0.881143,0.3899067,0.38730082,0.86712575,0.2129379
120,0.5319407,0.6031232,0.3902696,0.6329776,0.7616075,0.40106687,0.5645089,0.8852374,0.2594712,0.38314766,0.86742413,0.5801157,0.5717754,0.5936893,0.42473832,0.6587004,0.7588309,0.3355709,0.5852805,0.88386714,0.41391584,0.78872335,0.86634535,0.33386168
121,0.521716,0.6047741,0.44578362,0.64262515,0.7673526,0.5041124,0.5747705,0.8906336,0.34097713,0.38460168,0.8684422,0.5430072,0.55224705,0.5922807,0.4738055,0.6512752,0.763613,0.4563867,0.5792463,0.8863766,0.4079355,0.8022864,0.865929,0.3397935
122,0.5251923,0.60700953,0.43626678,0.64846826,0.7694635,0.5016874,0.58014303,0.8948356,0.3974775,0.3873238,0.86852646,0.4264956,0.5071886,0.60289586,0.32632896,0.6331918,0.76524615,0.4011574,0.5702217,0.8886804,0.24550226,0.3862712,0.8671943,0.2996232
123,0.517793,0.60601217,0.39632818,0.64511454,0.7690985,0.47371274,0.5762408,0.89793897,0.30624422,0.3861346,0.8693909,0.5163425,0.52427214,0.6006627,0.3440951,0.6458015,0.7668187,0.40533265,0.5744121,0.89347744,0.2753274,0.38771385,0.8676531,0.26770565
124,0.5176386,0.6060937,0.3956629,0.6453769,0.76934206,0.47388008,0.5765715,0.89801705,0.31458575,0.38646883,0.86975235,0.5048351,0.5231589,0.6009738,0.34834343,0.64561135,0.7669802,0.40615338,0.5750407,0.8935663,0.27578273,0.3877403,0.8679652,0.2696633
125,0.51667196,0.59997284,0.34687158,0.6444798,0.7697172,0.43338624,0.5760178,0.89668906,0.24787602,0.38433835,0.8705229,0.54040265,0.5251104,0.59747946,0.29282653,0.6463143,0.7677638,0.36067113,0.5830844,0.89311856,0.34913933,0.38743016,0.8679267,0.24757662
126,0.5155599,0.60220313,0.38819948,0.6430541,0.76877755,0.49597558,0.5682229,0.89330643,0.21552941,0.38253045,0.8717086,0.55012095,0.5412948,0.59904873,0.4100594,0.6500986,0.765978,0.4270866,0.58399284,0.88916063,0.39596355,0.38818395,0.86828226,0.21878059
127,0.53890693,0.60059,0.5236906,0.6463043,0.76401734,0.51858604,0.5901567,0.89428467,0.5075767,0.8138586,0.8649386,0.38389307,0.52895427,0.59344566,0.48389944,0.6253235,0.75968117,0.43718004,0.38444102,0.7163452,0.2659792,0.38168162,0.8675283,0.33305895
128,0.5643475,0.60085875,0.53952736,0.6451304,0.7623887,0.52807283,0.59262073,0.89138955,0.45984262,0.81670797,0.86510265,0.3583825,0.54441833,0.59127885,0.5376124,0.61416155,0.75647753,0.35129794,0.38055122,0.71666026,0.36392534,0.3849567,0.8668231,0.36777374
129,0.5606903,0.58076334,0.37580585,0.64330024,0.75526834,0.51228434,0.60786295,0.89032406,0.5379112,0.82837456,0.85722727,0.4355103,0.5054357,0.5789536,0.31532797,0.57168144,0.7414168,0.33317485,0.3819065,0.726289,0.37502682,0.38432312,0.86593837,0.480627
130,0.5597424,0.57835054,0.33695158,0.643226,0.754502,0.50275207,0.6084267,0.89070654,0.54646,0.8275842,0.85911244,0.4393247,0.50710607,0.5725812,0.4051378,0.58552647,0.74453294,0.40449113,0.38184473,0.7265441,0.3848448,0.3838442,0.8663842,0.4674468
131,0.59247684,0.5763503,0.38243613,0.6480172,0.74703336,0.50355446,0.6204618,0.8858862,0.5778214,0.829476,0.8640663,0.4985261,0.52217966,0.5710697,0.43910515,0.57136613,0.7363033,0.38423282,0.3883748,0.7248788,0.3850335,0.38346034,0.8680972,0.58700424
132,0.58601433,0.5684836,0.4214677,0.64652264,0.7368252,0.48585898,0.6120357,0.8785767,0.551694,0.82924354,0.8672313,0.46854573,0.52887154,0.56205785,0.32593045,0.586048,0.7218288,0.4356223,0.39848718,0.7272894,0.4337127,0.38177797,0.8646536,0.6251257
133,0.62039477,0.561778,0.44505152,0.6585245,0.73095334,0.5527824,0.6140824,0.8701221,0.61826605,0.82947534,0.8680141,0.36884993,0.5659588,0.55801034,0.3896955,0.6070187,0.71878767,0.5016811,0.41373262,0.7280933,0.54005474,0.38430613,0.8638469,0.760562
134,0.65444726,0.5570811,0.37654358,0.6688587,0.72160673,0.5563039,0.61998737,0.8584072,0.5121327,0.83354515,0.86189425,0.28226277,0.5739715,0.54534274,0.40927592,0.60681784,0.7091484,0.47528446,0.42861998,0.722497,0.48883566,0.38436544,0.8658147,0.6518188
135,0.6770851,0.535922,0.2244415,0.6809447,0.68985486,0.5394194,0.6335785,0.8431575,0.48512647,0.8388583,0.8588033,0.3342471,0.57400924,0.5284696,0.3484517,0.6048763,0.68419045,0.4236251,0.43152237,0.7230785,0.534008,0.38463712,0.8671572,0.6148221
136,0.67408454,0.54149944,0.29815084,0.6802404,0.6899744,0.5447826,0.6328105,0.8403853,0.50204694,0.83950084,0.85978115,0.3302372,0.57191604,0.5357716,0.2717909,0.60466826,0.68464106,0.4215275,0.43266284,0.72279567,0.5275712,0.38459718,0.8663615,0.6203879
137,0.68914026,0.53272605,0.23034936,0.69383997,0.6882483,0.4958672,0.64756715,0.8324008,0.5460937,0.84739035,0.8548459,0.38181245,0.59632355,0.539416,0.24921437,0.61770105,0.6912854,0.43500915,0.4537191,0.717385,0.45747352,0.3885619,0.8604132,0.6039892
138,0.70530176,0.5232773,0.40598255,0.7120712,0.6776651,0.44818452,0.6654219,0.8208226,0.48078668,0.8540973,0.85622686,0.3946722,0.6107142,0.52503455,0.4330508,0.64223087,0.68110466,0.41553265,0.48690015,0.7115011,0.55453247,0.38941786,0.8581474,0.6223532
139,0.7286977,0.52669847,0.25849953,0.73228276,0.6671671,0.42990687,0.68373346,0.8036742,0.46730334,0.8626446,0.8545849,0.26586607,0.6234386,0.5525048,0.159569,0.65866655,0.6713974,0.3479202,0.51690745,0.72072697,0.5384421,0.40044641,0.8506252,0.5147498
140,0.7459854,0.49919888,0.31358075,0.7481538,0.65591496,0.5566902,0.71113247,0.7932445,0.5735526,0.8778304,0.8483441,0.28989533,0.6691282,0.4900943,0.2854708,0.67526746,0.65273654,0.47470242,0.53369707,0.7252197,0.551028,0.41904348,0.8529507,0.5092972
141,0.7682307,0.4945317,0.42585528,0.77550924,0.6536988,0.57915443,0.73269594,0.7881949,0.59186727,0.8853602,0.8557912,0.35009056,0.6921825,0.488716,0.22117913,0.7004161,0.6507759,0.47334987,0.55697405,0.7277938,0.4508717,0.43177888,0.85045564,0.6061551
142,0.767698,0.4939892,0.44558328,0.7757827,0.65490216,0.5971585,0.73187727,0.7870629,0.59113663,0.88489264,0.855531,0.3562021,0.68958247,0.48799747,0.26201543,0.6999314,0.65127194,0.48593324,0.5570991,0.72763515,0.45379636,0.4312126,0.8507236,0.6116265
143,0.77631974,0.47690684,0.4848281,0.78785366,0.6563281,0.5741621,0.7460615,0.7774472,0.4301134,0.8888649,0.8607294,0.35303983,0.71905553,0.47909367,0.42552024,0.7224445,0.6504139,0.50836384,0.58664,0.7207181,0.58074856,0.4653715,0.84876955,0.58049804
144,0.78099436,0.47871524,0.5507072,0.79663885,0.6454338,0.51513314,0.78505266,0.7666602,0.4960233,0.90395975,0.8648062,0.4276904,0.7060424,0.48994285,0.4195607,0.72677416,0.646212,0.49308097,0.6066797,0.72258395,0.39497343,0.5117147,0.8462555,0.5667686
145,0.7829921,0.47138855,0.62070173,0.80622005,0.6489441,0.5332775,0.77712345,0.74965423,0.41503143,0.9062239,0.8630738,0.39506337,0.7171675,0.48871776,0.44942555,0.7548802,0.6566431,0.5057478,0.6594099,0.70522964,0.27140197,0.90387505,0.8627082,0.27440938
146,0.7822642,0.4671135,0.51661867,0.7948536,0.642331,0.4027054,0.6695534,0.69085664,0.29815164,0.61395,0.8425021,0.451418,0.7213258,0.46668363,0.4459139,0.7667324,0.64685273,0.34963545,0.79753363,0.74659646,0.30436245,0.9061665,0.859143,0.26529387
147,0.8153278,0.51446855,0.4144755,0.8179673,0.66740704,0.41296282,0.819366,0.7635474,0.57788086,0.911873,0.86325115,0.41644883,0.74051183,0.49186695,0.38415173,0.7576231,0.6478231,0.35135013,0.6395943,0.6963507,0.5247491,0.66326636,0.84401286,0.44733194
148,0.81089634,0.50663555,0.37062064,0.8139123,0.65328574,0.45351598,0.81909466,0.76131356,0.5857095,0.91298866,0.8637294,0.4303415,0.7355521,0.48610696,0.4029839,0.753894,0.6418222,0.3162633,0.63895583,0.69526714,0.50477695,0.6640599,0.8439207,0.43596756
149,0.8111302,0.5150777,0.29284933,0.8098699,0.63914615,0.37683767,0.84387183,0.75280875,0.38285694,0.91695726,0.85777897,0.39342183,0.75636834,0.48468232,0.31415287,0.75257134,0.62765193,0.28569666,0.6631167,0.7122216,0.45677722,0.7345927,0.8394903,0.47383204
150,0.80175966,0.47309935,0.41686058,0.80182934,0.63298976,0.45429525,0.845704,0.7457251,0.31428346,0.9114169,0.86243796,0.44739893,0.7556423,0.46457,0.28742474,0.73757666,0.62897,0.38524473,0.6835102,0.7154776,0.52138686,0.77829576,0.8303661,0.40850252
151,0.79590625,0.478623,0.3556334,0.80736035,0.6416792,0.4466274,0.8316376,0.7421199,0.24440184,0.90385306,0.8585733,0.39680475,0.7533054,0.47715938,0.21017493,0.7454741,0.6365384,0.44338953,0.703549,0.7203934,0.4769768,0.810375,0.8322123,0.4053322
152,0.7962719,0.46859366,0.37587702,0.82988596,0.62160015,0.4267596,0.8291848,0.739326,0.20679182,0.8891072,0.85370487,0.27981558,0.7558075,0.46905297,0.32153216,0.79441184,0.62356824,0.3703393,0.7823334,0.739433,0.20406081,0.86553776,0.8426392,0.27466568
153,0.7528655,0.47059327,0.3803432,0.7782781,0.63594234,0.55639464,0.75377023,0.7281604,0.34168303,0.8722627,0.85203564,0.25380656,0.85598266,0.4735012,0.3240024,0.868173,0.62953186,0.46594456,0.8733244,0.73816836,0.3824003,0.906893,0.85658896,0.32332763
154,0.75399894,0.47088373,0.37828198,0.7788079,0.6361557,0.5541447,0.7540392,0.7283089,0.34197697,0.86647236,0.8494832,0.29123458,0.8577529,0.4729191,0.34141815,0.86780906,0.63014007,0.46238008,0.87246203,0.7399217,0.3753214,0.9062809,0.8561373,0.30925822
155,0.75184053,0.47694468,0.34504065,0.7825515,0.6480785,0.44184613,0.78672576,0.7184758,0.25087646,0.866748,0.8516802,0.19554086,0.8615494,0.47812924,0.30694097,0.8483254,0.6504748,0.37934387,0.8658191,0.7375526,0.29307175,0.8973967,0.84563583,0.41516355
156,0.7760296,0.47228432,0.29641545,0.7963013,0.63005024,0.4570755,0.812327,0.71925366,0.2563151,0.87677544,0.85462564,0.2736155,0.82247484,0.47137886,0.35910857,0.8233434,0.62839806,0.3931292,0.84725976,0.71775794,0.31712613,0.89083385,0.8369677,0.3242239
