frame,shoulder_x,shoulder_y,shoulder_z,shoulder_vis,elbow_x,elbow_y,elbow_z,elbow_vis,wrist_x,wrist_y,wrist_z,wrist_vis,hip_x,hip_y,hip_z,hip_vis,knee_x,knee_y,knee_z,knee_vis,ankle_x,ankle_y,ankle_z,ankle_vis
0,0.1578656682428324,0.723363070308414,0.0,0.8455168604850769,0.16747866936449735,0.7497923144735552,0.0,0.7008154392242432,0.1658205176299473,0.738623774700085,0.0,0.5954879522323608,0.15386716374811135,0.8045433395577275,0.0,0.44657236337661743,0.16988478966479031,0.7527601808683643,0.0,0.27570840716362,0.16076017775625553,0.761694425319528,0.0,0.271317720413208
1,0.15781679693258033,0.7231905629944103,0.0,0.8545457124710083,0.16707386160796545,0.7492156727044652,0.0,0.7055829167366028,0.16475981586384322,0.7378572599658407,0.0,0.6004514098167419,0.1531516560968363,0.8057556790786807,0.0,0.4477803111076355,0.16988441179383476,0.7547526978049817,0.0,0.26492056250572205,0.16110970839014593,0.7643373880426255,0.0,0.2512533962726593
2,0.15804976337360885,0.723929880054426,0.0,0.8332012891769409,0.16753052765468382,0.7487094512045633,0.0,0.6737986207008362,0.16574161457565595,0.7390126503661087,0.0,0.5711656212806702,0.15381516150708469,0.802360055835676,0.0,0.44051748514175415,0.16955305495352116,0.7479548753554851,0.0,0.29866936802864075,0.16171469778384803,0.7598297885272294,0.0,0.3178934156894684
3,,,0.0,0.0,,,0.0,0.0,,,0.0,0.0,,,0.0,0.0,,,0.0,0.0,,,0.0,0.0
4,,,0.0,0.0,,,0.0,0.0,,,0.0,0.0,,,0.0,0.0,,,0.0,0.0,,,0.0,0.0
5,,,0.0,0.0,,,0.0,0.0,,,0.0,0.0,,,0.0,0.0,,,0.0,0.0,,,0.0,0.0
6,0.15953547999543963,0.7238562037256472,0.0,0.6729477643966675,0.1680662047188237,0.7277547924089631,0.0,0.4683407247066498,0.1687448429611494,0.7113519133883042,0.0,0.42121052742004395,0.15359954114230173,0.7918941226464435,0.0,0.37819647789001465,0.16610899511373267,0.728906160617972,0.0,0.41477078199386597,0.16188882431893978,0.7420107151175144,0.0,0.5792775750160217
7,,,0.0,0.0,,,0.0,0.0,,,0.0,0.0,,,0.0,0.0,,,0.0,0.0,,,0.0,0.0
8,,,0.0,0.0,,,0.0,0.0,,,0.0,0.0,,,0.0,0.0,,,0.0,0.0,,,0.0,0.0
9,0.7242441717183815,0.3655489678163409,0.0,0.9692511558532715,0.6872281488382591,0.4981992713577079,0.0,0.9441049098968506,0.7059514747475678,0.6925824536439266,0.0,0.8351329565048218,0.6349973858527418,0.3711534763479831,0.0,0.9787026047706604,0.6431942345961085,0.48517378803077604,0.0,0.9823058247566223,0.5969106206354106,0.6585406059999346,0.0,0.9641909599304199
10,0.7234528739497347,0.36454552686364083,0.0,0.9115061163902283,0.7170821855653007,0.4602221883989278,0.0,0.8464146852493286,0.7134360547335643,0.6315541287346365,0.0,0.7622337341308594,0.5965651746066112,0.3849993909253236,0.0,0.9548469185829163,0.6185447404969413,0.4461205135329498,0.0,0.9683863520622253,0.555343951819078,0.5779052478997777,0.0,0.9594064950942993
11,0.72789850774801,0.3655431260623693,0.0,0.9699649214744568,0.7061488313494988,0.4865080063313121,0.0,0.9619401693344116,0.7153839255278965,0.650038715186977,0.0,0.9105272889137268,0.6130271047916053,0.37267929140992745,0.0,0.984379768371582,0.6413423790121978,0.46303705191512484,0.0,0.9886848330497742,0.5846362563799012,0.6351217485371993,0.0,0.9786965847015381
12,0.7190012661915905,0.3635007148008466,0.0,0.9698087573051453,0.7111321215359669,0.48856781516613823,0.0,0.9524186253547668,0.7077029965958506,0.6907001958232545,0.0,0.8994047045707703,0.574934905430056,0.38478624671074135,0.0,0.9804245829582214,0.6018958181705115,0.4381984247822143,0.0,0.9811805486679077,0.5293927102718713,0.570429654300961,0.0,0.9679498672485352
13,0.7233121620034272,0.36473428255344537,0.0,0.9491225481033325,0.7081282993532577,0.46499225185506016,0.0,0.9202731251716614,0.7051812657770121,0.6318831822862186,0.0,0.8626295924186707,0.600701889901791,0.3847614431979766,0.0,0.9757508635520935,0.6029799839235702,0.4446775045354995,0.0,0.9768234491348267,0.5393481704424012,0.5587459548247908,0.0,0.9633218050003052
14,0.7296608978847288,0.3481476915431322,0.0,0.9839112758636475,0.7040665104704084,0.4440063412718194,0.0,0.9809884428977966,0.7141740906913325,0.6031804423950706,0.0,0.9504825472831726,0.6018590747185473,0.3735940845441619,0.0,0.9906069040298462,0.6110292110802993,0.44693954020863297,0.0,0.9888980984687805,0.5368334572270231,0.5988168756333355,0.0,0.9736959934234619
15,0.7315366493081147,0.34449847871788375,0.0,0.9835379719734192,0.7039829470076651,0.44372341523110614,0.0,0.9798494577407837,0.7139455687324956,0.6038751961297071,0.0,0.9501460790634155,0.6209259033203125,0.3599308923697372,0.0,0.9908393025398254,0.6307761714143573,0.4519886990471365,0.0,0.9911876916885376,0.5697589370439637,0.6244458952708224,0.0,0.9793649911880493
16,0.15853086507545328,0.5937596404901608,0.0,0.9636152386665344,0.1825624681868643,0.6181827050372647,0.0,0.8703833818435669,0.19964900106753944,0.6308930209491044,0.0,0.6873334646224976,0.15952205657958984,0.6868099068996797,0.0,0.9625758528709412,0.18072981204626695,0.7167340522031904,0.0,0.936788022518158,0.1873371736058649,0.7773012296924032,0.0,0.9016243815422058
17,0.7278194067613134,0.3452455528610421,0.0,0.9064344763755798,0.7036442306806456,0.4350290976807662,0.0,0.8711137175559998,0.7205981128620651,0.627418996898699,0.0,0.7905605435371399,0.6232085317935584,0.362586815486892,0.0,0.9612358212471008,0.6372153803987323,0.42141659788506797,0.0,0.978766679763794,0.5783829239179503,0.6225051560661284,0.0,0.9735610485076904
18,,,0.0,0.0,,,0.0,0.0,,,0.0,0.0,,,0.0,0.0,,,0.0,0.0,,,0.0,0.0
19,0.16836600033742077,0.7048028921981236,0.0,0.9367701411247253,0.18450810774317328,0.7268757201637683,0.0,0.8425523638725281,0.19431828552821898,0.7054039224919914,0.0,0.7123323678970337,0.16592999224392874,0.7854413148249543,0.0,0.8329423069953918,0.1863247853405071,0.7356719332260068,0.0,0.736087441444397,0.1878500164679761,0.7699789262715743,0.0,0.672918975353241
20,0.16770062356624962,0.7064929148143305,0.0,0.9344983100891113,0.18327594253252139,0.7263504092164618,0.0,0.8647809624671936,0.19311206745651532,0.7103948234015429,0.0,0.7481701374053955,0.1647829919491174,0.7837117725835185,0.0,0.8466297388076782,0.1865551786602668,0.7399241555185996,0.0,0.7407970428466797,0.18526982361415648,0.7742917368102772,0.0,0.6577006578445435
21,0.1682395575181493,0.7030467907255165,0.0,0.9635855555534363,0.18399546281346735,0.7273818139750589,0.0,0.9060423970222473,0.1955491011997439,0.7105800995766867,0.0,0.7995451092720032,0.16424742284810767,0.7839486988019744,0.0,0.8791216611862183,0.18942856338788877,0.7351819920240585,0.0,0.7843567728996277,0.1871765784497531,0.7742531110053282,0.0,0.7044134140014648
22,0.16963834582634693,0.7149112972754315,0.0,0.841978132724762,0.1852869357702867,0.729117868335676,0.0,0.7273800373077393,0.19099883313448923,0.7138340523053412,0.0,0.589597225189209,0.1667929415432912,0.7890906553388141,0.0,0.614387571811676,0.18818808501621462,0.7271146255557008,0.0,0.6132619380950928,0.18354208964221883,0.761651521946097,0.0,0.6965816020965576
23,0.16959915521009913,0.7112656597313023,0.0,0.8898985981941223,0.18484675209477264,0.724585688762585,0.0,0.8433058857917786,0.19193530532549014,0.710135487831786,0.0,0.7311366200447083,0.16700937163155033,0.7863063413228949,0.0,0.7773693203926086,0.1930198849372144,0.7356066843455805,0.0,0.6948415637016296,0.19081223685786408,0.7618456724797332,0.0,0.682685136795044
24,0.172116423552891,0.7002601783145921,0.0,0.9697392582893372,0.19044714153937572,0.7208949132943253,0.0,0.9248405694961548,0.2048754242231261,0.7115410840660957,0.0,0.8237076997756958,0.17048589238580666,0.7873565163073679,0.0,0.9233604669570923,0.19724081147391842,0.7625469383335512,0.0,0.7875137329101562,0.19765551585071492,0.7926149887021117,0.0,0.6257315874099731
25,0.1708925894971164,0.7024502295330478,0.0,0.9506012201309204,0.187497966694382,0.7250659256300667,0.0,0.8899356126785278,0.19902801513671875,0.707672119140625,0.0,0.7622701525688171,0.17071232705746056,0.7858006305774385,0.0,0.8812807202339172,0.19237951962453015,0.75193263097787,0.0,0.7496674656867981,0.18888545486162295,0.7833221946301321,0.0,0.6262543201446533
26,0.1715334046561763,0.7009675093774517,0.0,0.946032702922821,0.18890575193009287,0.7197296908709794,0.0,0.8873716592788696,0.20154060507720373,0.6996893463773208,0.0,0.7607642412185669,0.17205893318608123,0.7844145068563677,0.0,0.8955202102661133,0.19450419803835312,0.7568095059574399,0.0,0.7648778557777405,0.19142230051868367,0.7860205742105779,0.0,0.6295071840286255
27,0.17557306109734303,0.6988894410711951,0.0,0.962315022945404,0.19238236265362435,0.723480863052432,0.0,0.9127585291862488,0.20266592277670806,0.7212631034053021,0.0,0.7844468355178833,0.17361183886258108,0.7861124461664815,0.0,0.9159374833106995,0.19922332043917673,0.7670861407802694,0.0,0.7547962665557861,0.1970975803879072,0.7996158360437369,0.0,0.5744474530220032
28,0.17691889349019752,0.6984312943334858,0.0,0.9631941318511963,0.19606993333348688,0.7175004392488232,0.0,0.9462791681289673,0.20051572907645748,0.7217957564477642,0.0,0.8583604097366333,0.1736523430302458,0.7878032987586624,0.0,0.9290831089019775,0.20375993116846625,0.7728944403357086,0.0,0.749607264995575,0.20126594687407873,0.7993754622327732,0.0,0.5207536220550537
29,0.17864758113645157,0.7011926882436584,0.0,0.9666895270347595,0.19820573194971625,0.7244743442934427,0.0,0.9371678233146667,0.20328773642485998,0.7322834605452406,0.0,0.8299667835235596,0.17515704316912956,0.790538452659192,0.0,0.9070401191711426,0.20463997463010392,0.7700172328549948,0.0,0.6979221105575562,0.2034946117761,0.793840735527262,0.0,0.4890080392360687
30,0.18307403348526866,0.7004865702226072,0.0,0.9858734607696533,0.20138592989939563,0.7277325107462735,0.0,0.9622308015823364,0.20286067026966023,0.7404185658219469,0.0,0.8831164240837097,0.17762983070229585,0.7892332196734441,0.0,0.9571484327316284,0.21093625842400318,0.7851506317010983,0.0,0.8136522173881531,0.20898468089553546,0.8139169605207244,0.0,0.5938919186592102
31,0.18364022812753353,0.7034861672373496,0.0,0.9837676286697388,0.20242320366625516,0.7256830446889709,0.0,0.9500795006752014,0.202979879559211,0.7395915266858982,0.0,0.8559666872024536,0.17926203529789764,0.7905139364458028,0.0,0.9242315292358398,0.20805321099623195,0.7802377485331132,0.0,0.6866810917854309,0.2081745075729658,0.8037542239392652,0.0,0.43277204036712646
32,0.1835044285036483,0.7034173430758042,0.0,0.9880446791648865,0.20218741218998748,0.7260372528969992,0.0,0.961982786655426,0.2051938794693857,0.7418883894277916,0.0,0.8883789777755737,0.17953187114787553,0.7889476440940442,0.0,0.9519442319869995,0.21113140178176593,0.7866205829955544,0.0,0.7796461582183838,0.2115277704202904,0.8132545120047725,0.0,0.5348660945892334
33,0.18128875516495616,0.7049289208575772,0.0,0.9704663157463074,0.19875859314540648,0.7213298207047594,0.0,0.9229993224143982,0.20000094287800338,0.7243444849756472,0.0,0.8246725797653198,0.18064939750815337,0.7880377988935016,0.0,0.8988087177276611,0.20726952462826134,0.7721947067452275,0.0,0.6625731587409973,0.20993536823200729,0.7877022970670436,0.0,0.44552406668663025
34,0.1809549151726489,0.7072294865692011,0.0,0.9594491720199585,0.19560263291844782,0.7196184102461428,0.0,0.8936339616775513,0.19873604684505822,0.7188222079097476,0.0,0.7845779061317444,0.18177960953622493,0.7852735319895724,0.0,0.8710917234420776,0.20557155249253758,0.7726582802489212,0.0,0.6066299080848694,0.20789016867583654,0.78271484375,0.0,0.40272632241249084
35,0.18145769946980025,0.7078563738068776,0.0,0.9705969095230103,0.1959693836715986,0.7254595257747123,0.0,0.9085684418678284,0.20012026013068432,0.7281298138606498,0.0,0.8022005558013916,0.1815930852350199,0.7851833838299228,0.0,0.9054535627365112,0.2058265614059736,0.7741568337923314,0.0,0.6761844158172607,0.21111263419097326,0.7833062335537069,0.0,0.4718039929866791
36,0.18323146172289578,0.7105195751748823,0.0,0.9460363984107971,0.20018129528693432,0.7186215452569299,0.0,0.9026932120323181,0.21085803913620282,0.7025278003644744,0.0,0.8060542941093445,0.18162982868698407,0.7853767682318907,0.0,0.9064056873321533,0.20254525598490014,0.7735690831140494,0.0,0.7209339141845703,0.20476864868739866,0.7700225319323679,0.0,0.5386569499969482
37,0.1807573246506025,0.7034920409134741,0.0,0.9373148679733276,0.1931745781088775,0.7180262609505753,0.0,0.8285043835639954,0.2005910153658885,0.710489121441063,0.0,0.6891894936561584,0.18178921825480912,0.7736418017782427,0.0,0.8817455768585205,0.20241255130407945,0.7578004334262225,0.0,0.7165576219558716,0.20476958436786002,0.7745573929662983,0.0,0.5753133296966553
38,0.18069522785690595,0.7017296826989082,0.0,0.966377854347229,0.19677622813098836,0.7202940106890691,0.0,0.9170809984207153,0.20317120821970813,0.7198388007894221,0.0,0.8190134167671204,0.1806899556573832,0.7748867018951033,0.0,0.9471724033355713,0.2068262999912478,0.7659486906299032,0.0,0.843854546546936,0.21418058647299712,0.7804255784804851,0.0,0.724278450012207
39,0.17874703317318322,0.7027567460447176,0.0,0.9662059545516968,0.1963498097545696,0.720175579501994,0.0,0.922407865524292,0.20518479257259728,0.7151616307980845,0.0,0.8343952894210815,0.17958695033811173,0.7749410333992547,0.0,0.942440927028656,0.20736840086163216,0.7659788889864997,0.0,0.8467239737510681,0.21422636284018462,0.7804206624689461,0.0,0.7397605776786804
40,0.18070778756771447,0.7053513147840939,0.0,0.9405677914619446,0.20189841288440633,0.7070359744786219,0.0,0.9163511991500854,0.21853425367823187,0.6816576075853165,0.0,0.841788113117218,0.1809433271300118,0.7709796857634349,0.0,0.9475225806236267,0.20256650672768647,0.7619974303943842,0.0,0.8900309205055237,0.20499398573389593,0.7585980403373431,0.0,0.8269262909889221
41,0.17769912503800303,0.6982411021468031,0.0,0.9597748517990112,0.19462759989612508,0.706655015506505,0.0,0.9008814692497253,0.2095302365860849,0.6872114875825379,0.0,0.794348955154419,0.1801145481613447,0.7673950833755557,0.0,0.9297982454299927,0.20260366403831626,0.7519643615978033,0.0,0.8430451154708862,0.2046856070464512,0.7727188046507257,0.0,0.7457996010780334
42,0.17638024743997827,0.696650357425961,0.0,0.9552002549171448,0.19137787369062315,0.7014302529051712,0.0,0.899363100528717,0.20682791943820017,0.6825502786676255,0.0,0.8051342368125916,0.1791292946293669,0.7639329982103165,0.0,0.9375404715538025,0.20285557800868773,0.7566061618437827,0.0,0.8664410710334778,0.20631703790628686,0.7797199073695738,0.0,0.7773363590240479
43,0.17675909006370688,0.6994713180733525,0.0,0.9330997467041016,0.18956146600111476,0.7050909577054458,0.0,0.860621988773346,0.20338260002855985,0.6855897145291253,0.0,0.7584152817726135,0.17957917699274026,0.7630161939804524,0.0,0.9087646007537842,0.20153670041066296,0.7543566715767194,0.0,0.8251530528068542,0.20349545748728626,0.7733447342238167,0.0,0.7398321628570557
44,0.17830753326416016,0.7018181070623039,0.0,0.9444341063499451,0.1901769997938624,0.7117899491697176,0.0,0.8941590785980225,0.19778186870071124,0.7027554053142978,0.0,0.8131973743438721,0.1781691605190061,0.7672293435579564,0.0,0.9094082117080688,0.20475522527154885,0.7620229042723587,0.0,0.8060130476951599,0.2091147224858122,0.7748905325534453,0.0,0.7131207585334778
45,0.1779515248424602,0.6980680202340481,0.0,0.9352659583091736,0.18727541869541384,0.7082305652825902,0.0,0.8697450160980225,0.1974169173330631,0.6956810093325052,0.0,0.7677666544914246,0.1793018916867814,0.7637957967973653,0.0,0.9095505475997925,0.20237690547727188,0.7557268980656707,0.0,0.8129440546035767,0.2048103224556401,0.7777571418794129,0.0,0.7090176939964294
46,0.17989484319147073,0.6996371217352576,0.0,0.9319572448730469,0.1911061664797225,0.710566373050961,0.0,0.8926630020141602,0.19657386923735998,0.7037834263246927,0.0,0.8125040531158447,0.17873285401542233,0.7647341804025563,0.0,0.9193776845932007,0.2054881509744896,0.7634607418810473,0.0,0.8171524405479431,0.21022886600134508,0.7764343517095973,0.0,0.7108228802680969
47,0.1797996017168153,0.6979370755630557,0.0,0.9578335881233215,0.1935649188059681,0.7118198283047855,0.0,0.9286725521087646,0.20050711001989976,0.7111162640559623,0.0,0.8601978421211243,0.17886275165485885,0.7669735832693187,0.0,0.9436006546020508,0.20970053043005601,0.7653036716094077,0.0,0.861262857913971,0.21524762207607054,0.7848439875008172,0.0,0.7572985887527466
48,0.7298674673404334,0.5097502066001732,0.0,0.9571611285209656,0.6498598062767172,0.5389635413261638,0.0,0.9248930811882019,0.6381819383153375,0.6431261645201359,0.0,0.8512490391731262,0.6360671565217791,0.5612958325501766,0.0,0.8988237380981445,0.6790821867169075,0.690014380291416,0.0,0.7505401372909546,0.6950053808824072,0.7756625378979799,0.0,0.4372749924659729
49,0.7246872524045548,0.5232406041612186,0.0,0.9677524566650391,0.6425410576586453,0.6012991422389841,0.0,0.9259063601493835,0.6645622973172169,0.726928072494443,0.0,0.8462162613868713,0.6282583272682046,0.551962050433937,0.0,0.918071985244751,0.6836010195174307,0.7065351797447045,0.0,0.7657917141914368,0.7012313986724278,0.8019926957006733,0.0,0.4132896661758423
50,0.7181429593068249,0.5250715630822601,0.0,0.9615042209625244,0.637051708293411,0.6097067350124216,0.0,0.9204124808311462,0.668511948495541,0.7294404097680767,0.0,0.8343752026557922,0.6187464156240787,0.5771751882640886,0.0,0.8792811632156372,0.6839917020977668,0.7164671191610552,0.0,0.6410742998123169,0.6953893697486734,0.795191617191586,0.0,0.2753504812717438
51,0.7173816752883623,0.5370798150864605,0.0,0.9594806432723999,0.6262686387547907,0.6259841599723784,0.0,0.9188763499259949,0.6733674103359006,0.7385635056755034,0.0,0.8370422124862671,0.6037001699771521,0.5905962828312957,0.0,0.8137622475624084,0.665133350300339,0.7030181246322568,0.0,0.4526592493057251,0.6563100994757887,0.7674056815303021,0.0,0.14349409937858582
52,0.18195146884558336,0.6950762122246013,0.0,0.9644824266433716,0.17950828120393572,0.7043849035287003,0.0,0.8754853010177612,0.1938719299604308,0.6977593330159846,0.0,0.8018206357955933,0.1775795558713517,0.7703898920673705,0.0,0.8459663987159729,0.20997340724153338,0.7559130042167888,0.0,0.5932297706604004,0.21131474117063126,0.7728885028152785,0.0,0.3960845470428467
53,0.1834070637540997,0.6946580958665665,0.0,0.9695920348167419,0.18353219302195423,0.7003061462146967,0.0,0.9059499502182007,0.19724417632480837,0.6981415688742155,0.0,0.836521327495575,0.17822906206238945,0.7703597575550798,0.0,0.8792368769645691,0.2111983209286096,0.7599251080756407,0.0,0.6424751877784729,0.21347427368164062,0.7787466009291645,0.0,0.42252153158187866
54,0.18295059563978663,0.6947476694274647,0.0,0.9637976884841919,0.17836264844210642,0.6968261207995554,0.0,0.8883109092712402,0.19027600198421837,0.6914185719510003,0.0,0.8190075755119324,0.1788475828350715,0.7750543570418736,0.0,0.85198575258255,0.21141780997222326,0.7627213609767259,0.0,0.5816060900688171,0.21372321866593272,0.7838021761203909,0.0,0.36089640855789185
55,0.18374817326383772,0.7027336982503596,0.0,0.9681614637374878,0.18336074757126142,0.7023655719836885,0.0,0.9091329574584961,0.19870371188757555,0.6877091539454759,0.0,0.8521341681480408,0.18254668757600603,0.7844013549293933,0.0,0.7972946166992188,0.2143501065812021,0.766726186584728,0.0,0.4924553334712982,0.21193356783884876,0.7778372664830675,0.0,0.29247698187828064
56,0.18513172077682782,0.6986640706720711,0.0,0.9659628868103027,0.18817908808870135,0.6978982582251896,0.0,0.9352884888648987,0.19332482679834906,0.6941694315507322,0.0,0.882236659526825,0.18281580367178288,0.7899996067190769,0.0,0.8448413610458374,0.21478395641974682,0.7780588062238494,0.0,0.4947158098220825,0.21459050448435657,0.7941819194969273,0.0,0.2396647334098816
57,0.18541616763708726,0.6975830588879446,0.0,0.9660905003547668,0.19059985538698593,0.7012205882052497,0.0,0.9400752186775208,0.19618759515150538,0.6996977738256733,0.0,0.8864956498146057,0.18234249330916494,0.7874619871003857,0.0,0.8683749437332153,0.2131186251370412,0.7801132521369966,0.0,0.5557000041007996,0.21378454172386313,0.7957904767790599,0.0,0.28758007287979126
58,0.1853064051214254,0.6956253370979341,0.0,0.9686976671218872,0.19159383593865162,0.692033456459205,0.0,0.9529711008071899,0.19632118153122236,0.6847589085790403,0.0,0.9127445220947266,0.1811915343662478,0.7841593850107871,0.0,0.9159228801727295,0.21240923539647516,0.7791663772391475,0.0,0.6807699799537659,0.21538414145415685,0.7968907056992024,0.0,0.39280447363853455
59,0.1846786175134047,0.6949644208453191,0.0,0.9432342052459717,0.19193429766960865,0.682815232536284,0.0,0.93723464012146,0.1955948955607864,0.6722942655555374,0.0,0.894701361656189,0.18218337364916531,0.7774161494426648,0.0,0.9020523428916931,0.20910513176108306,0.775596778263108,0.0,0.6603772640228271,0.2123918893202296,0.7910527185416122,0.0,0.3785199522972107
60,0.18571966998981979,0.6890361578394678,0.0,0.9113178849220276,0.19196708247346697,0.6892748078541776,0.0,0.899088978767395,0.19834036197302476,0.6822067324586493,0.0,0.8358408212661743,0.18072365814784788,0.7682032884414226,0.0,0.8698339462280273,0.20708541150362986,0.7689600349968946,0.0,0.6114585399627686,0.20718756261861548,0.7884029244778047,0.0,0.34424686431884766
61,0.1859589342801076,0.6893672544088324,0.0,0.9196085929870605,0.1924114407233472,0.688976591102249,0.0,0.8534234762191772,0.19841602613341133,0.6852226097713454,0.0,0.7813730239868164,0.17769201746526755,0.7637261426598457,0.0,0.8562150597572327,0.19954460072067548,0.7459277548051778,0.0,0.6056287884712219,0.20653481753367298,0.7711425525872777,0.0,0.3854752779006958
62,0.1859181781984725,0.6899799043663376,0.0,0.9348878860473633,0.19301178770245248,0.6896458709589108,0.0,0.8728298544883728,0.19998431655595889,0.6874802721095384,0.0,0.8030098676681519,0.1774256724231648,0.7647781052848784,0.0,0.8633260130882263,0.2003954401556051,0.7453262776011702,0.0,0.6187208890914917,0.20807554137031986,0.7725085015077471,0.0,0.39981386065483093
63,0.18597795378487064,0.6921207954694037,0.0,0.9117962718009949,0.19133067580888857,0.6912338065303021,0.0,0.8231420516967773,0.19605796741989423,0.6870928648625457,0.0,0.7454144954681396,0.17686845671455814,0.7574594409894744,0.0,0.8394988775253296,0.1948809173871886,0.7265026778855583,0.0,0.6286342740058899,0.19959746666674344,0.7473573564984309,0.0,0.4529731571674347
64,0.1856245904598596,0.6906087707774908,0.0,0.9297472238540649,0.19449145838899431,0.691811086742449,0.0,0.8627365827560425,0.20086794079474682,0.6870867996535042,0.0,0.7856155633926392,0.1778932607398843,0.7615470088176648,0.0,0.8534632325172424,0.19813559190282282,0.7338611810277197,0.0,0.6157543063163757,0.20487639589129752,0.7557152145577275,0.0,0.4105146825313568
65,0.18510967830442032,0.690937377418933,0.0,0.9677267670631409,0.19748036366588664,0.7000175061086231,0.0,0.9268698692321777,0.2002762848476194,0.6948952136179394,0.0,0.8496479392051697,0.18392715813978663,0.7664469315915926,0.0,0.9047373533248901,0.20940194039974572,0.7682086513631015,0.0,0.682625949382782,0.21377029059068212,0.7826069468733656,0.0,0.45542341470718384
66,0.18516240029964806,0.694836157635166,0.0,0.9717308878898621,0.19952361988571454,0.6961207050658669,0.0,0.9487720727920532,0.2057282249882536,0.6934177925397162,0.0,0.8980481028556824,0.1794563689321842,0.7775988718455805,0.0,0.8813552260398865,0.20806636450425633,0.7677501854038637,0.0,0.5497177839279175,0.2091978001144697,0.7736886634986271,0.0,0.2750782072544098
67,0.18692819127496682,0.6963186224135395,0.0,0.9662662148475647,0.20101205357965432,0.7036282846618397,0.0,0.9448843002319336,0.2054020863658977,0.7035652064878073,0.0,0.8868640661239624,0.18134613756863577,0.7750408220490651,0.0,0.8779413104057312,0.2083261417892744,0.7595156745431813,0.0,0.5608603954315186,0.2073480138238871,0.7645022340399451,0.0,0.30084773898124695
68,0.1857039973420917,0.6935357768166515,0.0,0.9705519080162048,0.19920027031088774,0.6995859186020855,0.0,0.9543323516845703,0.2048329587252635,0.701699228965089,0.0,0.9056957364082336,0.17944830768513229,0.7721388429777393,0.0,0.9083550572395325,0.20926335172833138,0.7562829181240194,0.0,0.6566306352615356,0.2082331675403523,0.7671591786659911,0.0,0.395475834608078
69,0.18490085961683742,0.688873291015625,0.0,0.9741988182067871,0.19908534355883328,0.702824101787232,0.0,0.9368485808372498,0.20503720697366967,0.6959734162526151,0.0,0.8597212433815002,0.1828668162507831,0.7630787614000393,0.0,0.9253326654434204,0.21252961428660266,0.7602304753898078,0.0,0.75693678855896,0.21451032386635835,0.7780971128072699,0.0,0.5671347975730896
70,0.18300653853506413,0.6865748321660892,0.0,0.9743134379386902,0.19766510657544406,0.6972531753603883,0.0,0.9375427961349487,0.20318049304890182,0.6864772142226726,0.0,0.8649661540985107,0.18237835506223282,0.7600167884986271,0.0,0.9302239418029785,0.20848598120347508,0.7601414125833551,0.0,0.7594360709190369,0.21391665260746795,0.7738609792797136,0.0,0.5622820854187012
71,0.1824759177441867,0.6897374875375916,0.0,0.9721365571022034,0.1968274566362489,0.6982211827234244,0.0,0.9446574449539185,0.20299807134664283,0.694319082603295,0.0,0.8873347640037537,0.1774429645178453,0.7709881770560931,0.0,0.8753586411476135,0.20409731595021374,0.7523020341306551,0.0,0.559705913066864,0.20646404770185361,0.758889170371339,0.0,0.313215047121048
72,0.18420568502174234,0.6929544744132453,0.0,0.9747180938720703,0.19935073492661962,0.7089324057351595,0.0,0.9427606463432312,0.2035213866323795,0.7067115815613559,0.0,0.8735765814781189,0.17890919379468234,0.7811286958191684,0.0,0.8449074029922485,0.20447252381522701,0.7583312349838193,0.0,0.4536246359348297,0.2079382302626124,0.7654304025562239,0.0,0.2158966064453125
73,0.18433365731869103,0.6954181623259349,0.0,0.9576037526130676,0.19659848483103626,0.7044405119189657,0.0,0.9191548824310303,0.1973648970981814,0.6977654620693319,0.0,0.8402294516563416,0.1781472979851489,0.7833666302668998,0.0,0.8139380216598511,0.20286928932621795,0.7606360144196195,0.0,0.4013780951499939,0.2062325207692272,0.7667154607413703,0.0,0.18116791546344757
74,0.18191522922155992,0.6948759964819233,0.0,0.973037838935852,0.19508779273842866,0.7110830650169979,0.0,0.9387170076370239,0.1998143286075232,0.7033266203174032,0.0,0.869271993637085,0.17781664290518132,0.783140366047496,0.0,0.8479707837104797,0.2016008844915426,0.7639585359325968,0.0,0.45221763849258423,0.20575654731606538,0.7699276592940965,0.0,0.20851853489875793
75,0.17925624127657908,0.6892980471814527,0.0,0.9792577624320984,0.19443682904513376,0.6970787527172136,0.0,0.964236855506897,0.200873482902095,0.6861185369132453,0.0,0.9214536547660828,0.17427311303480617,0.7766327798117155,0.0,0.9189660549163818,0.2020014097105782,0.7602970650006537,0.0,0.6733379364013672,0.20423307958638892,0.7792540354708747,0.0,0.37996339797973633
76,0.1786684899959924,0.6869033749632257,0.0,0.9778229594230652,0.19421071826287037,0.6936643592483329,0.0,0.9626538753509521,0.2002995509021687,0.6832031505377223,0.0,0.9175013899803162,0.1734719006520397,0.7722605940687107,0.0,0.926312267780304,0.20083143126289799,0.7582709659592377,0.0,0.7061116695404053,0.2035044364209445,0.7770911819266475,0.0,0.4231088161468506
77,0.17890375965046432,0.6850806200354668,0.0,0.9827057123184204,0.1957455761027786,0.6855215926549425,0.0,0.9718027114868164,0.19948074052918632,0.673419457599209,0.0,0.9342451691627502,0.1735247126165426,0.7766152226276477,0.0,0.9392333030700684,0.20284956806110885,0.7572143426998889,0.0,0.7337150573730469,0.2062537175304485,0.7808280529836231,0.0,0.43996238708496094
78,0.1780755564851581,0.6860940845441619,0.0,0.9906401634216309,0.19792123110789173,0.6872505602976269,0.0,0.978710949420929,0.20053715975779407,0.6781911810072895,0.0,0.9476286768913269,0.17326284804434147,0.78062598575608,0.0,0.9569506049156189,0.20534391223259693,0.7631857006120881,0.0,0.7786300778388977,0.2116124854897553,0.7893649304761049,0.0,0.4942029118537903
79,0.1758169318145176,0.6862958325501766,0.0,0.9862434267997742,0.19616355536118993,0.6822293333428674,0.0,0.974511444568634,0.19997190079599056,0.6778643620064069,0.0,0.9430763721466064,0.1725460988170696,0.7796254177971365,0.0,0.9516143202781677,0.20369610696468712,0.7638388278594077,0.0,0.7652602195739746,0.21170348041462447,0.7898093506880884,0.0,0.477917343378067
80,0.17567229720781435,0.6844903155849569,0.0,0.9901942610740662,0.19570931848490014,0.6843926337972346,0.0,0.9788383841514587,0.2002245345205631,0.6797120800576948,0.0,0.950031042098999,0.1708546404568654,0.7759410906037526,0.0,0.9639638066291809,0.20255705995379752,0.7572532238820606,0.0,0.822493851184845,0.21073958558856315,0.7831478996755687,0.0,0.5786859393119812
81,0.1730131653119933,0.6865785989801255,0.0,0.989682137966156,0.19306395188817438,0.6929845450812304,0.0,0.9711000323295593,0.2002255601702996,0.6877459921098653,0.0,0.9311641454696655,0.17145288215493257,0.7731162354537134,0.0,0.9721670746803284,0.20606231689453125,0.7631999378922594,0.0,0.8808811902999878,0.21377043454152234,0.7905685233271771,0.0,0.7155451774597168
82,0.1749679097589457,0.6876751887748431,0.0,0.9900505542755127,0.19363718212775463,0.6973258940245816,0.0,0.9761068820953369,0.20355564693235,0.6904148756210774,0.0,0.9408148527145386,0.1689674269478276,0.7718560765477903,0.0,0.967176616191864,0.20092325390509838,0.7619397789863362,0.0,0.8347076177597046,0.20504085972624006,0.7770604089712997,0.0,0.6103719472885132
83,0.17319195225553694,0.686434438537853,0.0,0.9915862083435059,0.1924456110540426,0.704658348690017,0.0,0.9753105640411377,0.20404963223439343,0.6987588156217311,0.0,0.9379590749740601,0.1665226918346477,0.7709664061478491,0.0,0.9671422839164734,0.20088960539619877,0.7581564292748104,0.0,0.846250057220459,0.2046363758590986,0.7727036735502746,0.0,0.6499582529067993
84,0.17449508523041346,0.6872471765494247,0.0,0.9919557571411133,0.19327156498747053,0.7059616663465939,0.0,0.9740134477615356,0.20355098652389814,0.7031961864008565,0.0,0.933806300163269,0.16560442942493367,0.7703751440327536,0.0,0.9674578309059143,0.201229527311505,0.7554994846487644,0.0,0.8469371199607849,0.20282583416632885,0.7711831575657034,0.0,0.6559264659881592
85,0.17290835110646374,0.6865244590088913,0.0,0.9890609979629517,0.19176353598540685,0.7011602553363624,0.0,0.9627821445465088,0.19996347967183814,0.6921283929417822,0.0,0.9129562377929688,0.16565743932184182,0.7715999970376242,0.0,0.9533711671829224,0.20124370646926593,0.7502954714467834,0.0,0.8089443445205688,0.20097360071146264,0.766977796993495,0.0,0.6147060990333557
86,0.16951872267813053,0.6867480417674555,0.0,0.9844724535942078,0.1862375871190485,0.7035154717736664,0.0,0.9493646621704102,0.19109119559234045,0.6953503596732806,0.0,0.8881118297576904,0.1658397710548257,0.7743862263827145,0.0,0.9475448727607727,0.20066930662910892,0.75525585477821,0.0,0.8025356531143188,0.20165509997673756,0.7764004503832701,0.0,0.6157574653625488
87,0.16843306343510467,0.6891570151101595,0.0,0.9849839806556702,0.18127939836034235,0.7160714759986271,0.0,0.9472942352294922,0.18962912289601452,0.7043877765224569,0.0,0.8787903189659119,0.16412947312840875,0.7753707694209271,0.0,0.9166521430015564,0.19877838638593565,0.7517353520732545,0.0,0.7203647494316101,0.19762066175352852,0.770505258727772,0.0,0.5062493085861206
88,0.16552561633991744,0.695242079730812,0.0,0.9869422912597656,0.18198002509351047,0.7245162900022882,0.0,0.962784469127655,0.1980341245543282,0.705420649700085,0.0,0.9133306741714478,0.15953720740552219,0.7759297263173379,0.0,0.914065957069397,0.19667895335071492,0.7542343458869966,0.0,0.719291090965271,0.19153980039200694,0.7659338149066749,0.0,0.4917992949485779
89,,,0.0,0.0,,,0.0,0.0,,,0.0,0.0,,,0.0,0.0,,,0.0,0.0,,,0.0,0.0
90,0.16347491066410857,0.6934293483590481,0.0,0.9676335453987122,0.1793874884551426,0.6981016023388468,0.0,0.9218454360961914,0.1903506764825785,0.672991573062402,0.0,0.8559999465942383,0.15955001903030108,0.7723967739727706,0.0,0.8808419108390808,0.1822433831556788,0.7299814902588913,0.0,0.6487016081809998,0.18993507241303065,0.7580183978858852,0.0,0.42943522334098816
91,0.1637191412583837,0.6921575059451818,0.0,0.9621347188949585,0.18045765498899063,0.690873788490455,0.0,0.9136255979537964,0.19016057140422318,0.6742918900366108,0.0,0.8448863625526428,0.15965675857831846,0.7785818187761506,0.0,0.8659178018569946,0.18388863329617483,0.7403966672250916,0.0,0.5803894996643066,0.19208830707478072,0.7708330353932401,0.0,0.34453830122947693
92,0.1611611528216668,0.6921307551810931,0.0,0.9638127684593201,0.17568928340695938,0.6925201416015625,0.0,0.9120016098022461,0.1877669388393186,0.6755961653577732,0.0,0.8451957106590271,0.15640375749120172,0.7710644071570999,0.0,0.8787979483604431,0.17858888518135502,0.7293956549097803,0.0,0.6501010656356812,0.1872561472766804,0.7536916054442337,0.0,0.43773025274276733
93,0.1595616970422133,0.6906762542086167,0.0,0.9708847999572754,0.17495187723411704,0.691396226444005,0.0,0.9295142889022827,0.18887278718768424,0.6765854328746077,0.0,0.8748944401741028,0.1547975720099683,0.7719288590562893,0.0,0.899898886680603,0.17962644684989498,0.7347403171172202,0.0,0.6834959983825684,0.19201296680378463,0.7605578051451359,0.0,0.458509236574173
94,0.1581483157175892,0.6896265261342834,0.0,0.9662440419197083,0.17138731254721587,0.6892150495840416,0.0,0.9246474504470825,0.1849692182720832,0.6734159461623954,0.0,0.8731972575187683,0.15319977166517726,0.7676484175805767,0.0,0.9126153588294983,0.17670068201029077,0.7327561637846496,0.0,0.7495750188827515,0.18849844302771226,0.7582007372229668,0.0,0.5575368404388428
95,0.15724234311085827,0.6956858614997385,0.0,0.9343863725662231,0.1687491974740658,0.6968162887764775,0.0,0.8537034392356873,0.18130903423957104,0.6760394363722542,0.0,0.7830764651298523,0.1517695480922483,0.7587655039511964,0.0,0.8651745915412903,0.16928231941079194,0.7149011460308251,0.0,0.7576860785484314,0.17627906799316406,0.7377482138917038,0.0,0.6604089736938477
96,0.15823375054125516,0.6923480811976988,0.0,0.9287313222885132,0.1695958803284843,0.693100294807466,0.0,0.8554176688194275,0.1793113924422354,0.6792200319936584,0.0,0.7790714502334595,0.15137481689453125,0.7619948127778504,0.0,0.851754903793335,0.17099760163505123,0.7215738974854538,0.0,0.6892437934875488,0.17735146576503538,0.7391397643787592,0.0,0.5431616902351379
97,0.15588130591050633,0.6930314068016148,0.0,0.953589677810669,0.1674698883632444,0.6972879066626896,0.0,0.8931910991668701,0.17747763867648142,0.6855146974699268,0.0,0.8268915414810181,0.14918536060261275,0.7731901033154093,0.0,0.8491182327270508,0.17320987413514335,0.7351992938309035,0.0,0.6094879508018494,0.1791100412044885,0.7579989892169522,0.0,0.4086805582046509
98,0.1574789802983122,0.6895603195892717,0.0,0.9803047776222229,0.1712484359741211,0.7048499454514252,0.0,0.9624447822570801,0.17799145320676407,0.7003584347010656,0.0,0.9161262512207031,0.1505110038901275,0.7791785715015364,0.0,0.9167262315750122,0.184356005686634,0.7714825873594404,0.0,0.6929430961608887,0.18514993055811468,0.7921740160826359,0.0,0.41426289081573486
99,0.15515622552835717,0.6899843734677367,0.0,0.9764717221260071,0.16863340701697008,0.7022950878701948,0.0,0.9540838003158569,0.17505168914794922,0.6963665056428151,0.0,0.9034805297851562,0.14926084482444907,0.7829765415590677,0.0,0.9052551984786987,0.1828795738939969,0.7758006331312107,0.0,0.672735869884491,0.1838719889802753,0.801898461505459,0.0,0.3981478810310364
100,0.15395634129362287,0.6878987715334074,0.0,0.9696608781814575,0.16714139254588,0.6923904738166841,0.0,0.9477828741073608,0.1715455325144642,0.6875938511293802,0.0,0.892554759979248,0.14857400138423127,0.7800236785760983,0.0,0.9091619253158569,0.18178902032240382,0.7711968202471234,0.0,0.7018803954124451,0.18215112866095776,0.8026174760762618,0.0,0.43644988536834717
101,0.1477419115462393,0.6870608788653897,0.0,0.9862338304519653,0.16665689000543557,0.6898578978981433,0.0,0.9701263904571533,0.17156316649239017,0.681679889248006,0.0,0.9297393560409546,0.14737595252270969,0.7785995036488298,0.0,0.9627047777175903,0.18312833893973873,0.7804436464189984,0.0,0.8640583753585815,0.1860482557764593,0.8127034718022685,0.0,0.6776659488677979
102,0.1476432332452738,0.690024212314494,0.0,0.988277018070221,0.16651686182561912,0.7046626901028047,0.0,0.9728676676750183,0.17557662388063827,0.6992691231571979,0.0,0.9329398274421692,0.14570805711566276,0.7826299946677235,0.0,0.9553688168525696,0.18155119554051813,0.7839343976774974,0.0,0.8004201650619507,0.1810342140917508,0.805302959106956,0.0,0.5442788004875183
103,0.14464884883952592,0.688296010803478,0.0,0.9907800555229187,0.1639900747335182,0.7123614833943515,0.0,0.9705318808555603,0.17938561709421985,0.7082655519621143,0.0,0.9262975454330444,0.14543157253625258,0.7818392829416188,0.0,0.9576905369758606,0.18722973229750148,0.7857320617931158,0.0,0.8101997375488281,0.18509159448011867,0.8078284483075641,0.0,0.5712286233901978
104,0.14115792400432084,0.6873673953770594,0.0,0.9832883477210999,0.15173345241906508,0.7191093157524843,0.0,0.932640016078949,0.17050032345753796,0.7192114666416056,0.0,0.8592074513435364,0.14185549178213444,0.7786258075027785,0.0,0.9061636328697205,0.17995026426495248,0.7735423961942665,0.0,0.6759126782417297,0.182302510963296,0.7956181609979733,0.0,0.44245487451553345
105,0.13925495687520728,0.6885827355803805,0.0,0.9881244897842407,0.1559293674972822,0.7203724753407754,0.0,0.9578660726547241,0.17272627128745024,0.7157648956426517,0.0,0.9035269618034363,0.14028483516765092,0.7814929914274974,0.0,0.9330724477767944,0.1813077746697192,0.7802385146647817,0.0,0.7423665523529053,0.17981746961485665,0.7992584994647294,0.0,0.5067818760871887
106,0.1392660320929761,0.6905419257894221,0.0,0.9912388920783997,0.156523992430489,0.7224028519506733,0.0,0.969592273235321,0.17149802873719414,0.7152314764685211,0.0,0.9254088401794434,0.13906978211312923,0.7826396990021901,0.0,0.9518146514892578,0.18245031248848392,0.7795742785082701,0.0,0.8109006285667419,0.18095685850899174,0.8030647692820019,0.0,0.5979599356651306
107,0.13825295106419977,0.6907190298934361,0.0,0.9895903468132019,0.15515640546690743,0.7173841149238362,0.0,0.9651986360549927,0.16669665642504422,0.7113284825281119,0.0,0.9175200462341309,0.13780710832127985,0.7834330921891344,0.0,0.9504126310348511,0.17850136307050596,0.776140540214762,0.0,0.8075288534164429,0.17807296537003428,0.8015685779779027,0.0,0.5948795676231384
108,0.13541386262425836,0.6894137969076883,0.0,0.9873973727226257,0.14987831295661205,0.7180231325795959,0.0,0.9565910696983337,0.16694549344620616,0.7112756832872973,0.0,0.9030390381813049,0.13784560617410913,0.7849858495480845,0.0,0.9402754306793213,0.17809975822016877,0.7812157794521444,0.0,0.7736803889274597,0.17710973631660892,0.8035889948761114,0.0,0.5472595691680908
109,0.14125177995213922,0.6910315477698418,0.0,0.9872123599052429,0.1567978948917029,0.7109092169725745,0.0,0.9531922936439514,0.16534738720587963,0.7138175166301648,0.0,0.8889411687850952,0.13919415563907264,0.7842502354577994,0.0,0.9337628483772278,0.1782255712545143,0.7787993363256733,0.0,0.7396971583366394,0.1776377300046525,0.8067395836738362,0.0,0.49257808923721313
110,0.13404245196648365,0.6891093872581067,0.0,0.9873350858688354,0.14480040208348688,0.6969551501413769,0.0,0.9646066427230835,0.15660253560767984,0.6881680668148535,0.0,0.9233739972114563,0.13412223671967127,0.7819223443833355,0.0,0.9377712607383728,0.17552913809722326,0.7782009236483395,0.0,0.7394513487815857,0.17568473096163767,0.8051593732634349,0.0,0.4681050777435303
111,0.1361038549891058,0.6906132398788899,0.0,0.9860085844993591,0.15045747217142358,0.7048065951678544,0.0,0.9628094434738159,0.16077727191853072,0.7053891106130687,0.0,0.9118186831474304,0.1342586841223375,0.7833269829530596,0.0,0.9163743257522583,0.1742877960205078,0.7747701860371993,0.0,0.6403530240058899,0.17369819137285342,0.7988391700648863,0.0,0.3460848033428192
112,0.13769716586706773,0.6914251479144874,0.0,0.9795361161231995,0.1548364927183907,0.7090164248414618,0.0,0.9473944902420044,0.16399552687159125,0.7131648362929851,0.0,0.8763591647148132,0.1345990648809469,0.7817822699766279,0.0,0.891815185546875,0.171376534228055,0.7683976943522817,0.0,0.5652956366539001,0.17005769261774026,0.7866528243699333,0.0,0.2905747592449188
113,0.13840801310989093,0.6907928977551321,0.0,0.9872159361839294,0.1543394484609928,0.7125999418761441,0.0,0.9623124003410339,0.16116899814245836,0.7135712691430767,0.0,0.9053823351860046,0.13204741028119932,0.7742206142537265,0.0,0.9260733127593994,0.16606487418120763,0.7553658585169325,0.0,0.6871798634529114,0.16437640280093788,0.7710943501364735,0.0,0.417037695646286
114,0.12610953708864608,0.6839876055218684,0.0,0.9809407591819763,0.13051385699578053,0.7017093802096953,0.0,0.9187608361244202,0.14673925795645085,0.6939743871968161,0.0,0.8667138814926147,0.12625317303639538,0.7739134592989997,0.0,0.8845110535621643,0.16446149574135835,0.7595304225777981,0.0,0.5515958666801453,0.167135958401662,0.7742078453925862,0.0,0.2942390739917755
115,0.6762286492113797,0.35279399281266344,0.0,0.9692227244377136,0.6248278347951062,0.41554122988648995,0.0,0.9623935222625732,0.6281944130951503,0.5512180088952994,0.0,0.9324380159378052,0.588190366637032,0.3976811365103622,0.0,0.9729171991348267,0.6296096657806972,0.5434998707791253,0.0,0.9758650064468384,0.636213554526275,0.7425820578092311,0.0,0.9351381063461304
116,0.1301940162226839,0.6920125155269351,0.0,0.9796590805053711,0.14908063636635835,0.7123035127647751,0.0,0.9367097020149231,0.16012618226825065,0.7159501079734898,0.0,0.8489177823066711,0.13281151033797353,0.77105029756554,0.0,0.9183494448661804,0.16580847974093454,0.7586765049890494,0.0,0.701671838760376,0.17400732580220923,0.7735542073908211,0.0,0.49627476930618286
117,0.13083344585490678,0.6902407083551255,0.0,0.9883909225463867,0.1505027986922354,0.7154180295297791,0.0,0.9645391702651978,0.16260535761995135,0.7172114160769155,0.0,0.9144786596298218,0.12966160504323132,0.777839501033767,0.0,0.930555522441864,0.1647913950794148,0.7623035638402197,0.0,0.6880891919136047,0.16599300672423165,0.7783909881464108,0.0,0.4069906771183014
118,0.1296066698038353,0.6914815224364212,0.0,0.9845350980758667,0.1501552293885429,0.7130337000890756,0.0,0.9500997066497803,0.1602367545073887,0.7093148331263075,0.0,0.8906741738319397,0.129880446308064,0.7808456740119966,0.0,0.9044674038887024,0.1634889638648843,0.7670496218374084,0.0,0.5899778008460999,0.1640799180516657,0.7823717444511638,0.0,0.3033076226711273
119,0.12977935683052494,0.6865222883024974,0.0,0.983210563659668,0.1513487258047428,0.7101181221806354,0.0,0.9443129897117615,0.16014358232606132,0.7082593590644612,0.0,0.8511487245559692,0.13164338525736108,0.7754795601178412,0.0,0.9256079196929932,0.1641033820386203,0.7687823562941292,0.0,0.6845753192901611,0.17019691107408055,0.7897957518509741,0.0,0.43413209915161133
120,0.6579005403338738,0.31310348829963713,0.0,0.988505482673645,0.6244557938485775,0.40586118817828193,0.0,0.9807613492012024,0.6210990042056678,0.5581846356890691,0.0,0.954341471195221,0.5495995935404075,0.38086642979577995,0.0,0.991663932800293,0.5736717008194834,0.4707416231163376,0.0,0.9865976572036743,0.5563636635834316,0.633136446007126,0.0,0.9585157632827759
121,0.6575121609669812,0.30716459521688677,0.0,0.9684274792671204,0.6187426009268131,0.4072923221348719,0.0,0.9476525187492371,0.6256901003279776,0.5722065690172268,0.0,0.8803326487541199,0.5490714379076688,0.4102747131092279,0.0,0.9367102980613708,0.6047749069501769,0.46958444507550995,0.0,0.8757427930831909,0.5984969588945497,0.6397112602968096,0.0,0.688734769821167
122,0.6567136656563237,0.3066441683589664,0.0,0.9717462062835693,0.6100299043475457,0.40963965380042167,0.0,0.9512835741043091,0.62564425198537,0.5704553835561584,0.0,0.886222779750824,0.553757757510779,0.4065358628787755,0.0,0.9380207657814026,0.6094250229169738,0.47973230593374083,0.0,0.8837778568267822,0.6097892185427108,0.6641161930610944,0.0,0.6927614212036133
123,0.6506087824983416,0.30719942228564656,0.0,0.9334824085235596,0.5893678485222582,0.41071048241778896,0.0,0.8841288089752197,0.6224453044387529,0.576685757816586,0.0,0.7995892763137817,0.5545784932262493,0.4273597366141475,0.0,0.8573817014694214,0.6146663449845224,0.43966109782582047,0.0,0.8223142027854919,0.620616337038436,0.6401290574333159,0.0,0.6933982372283936
124,0.6433946861411041,0.3236725300425765,0.0,0.9420590400695801,0.5997320211158609,0.4175784059149451,0.0,0.8900144696235657,0.6266016690236218,0.5860851080347803,0.0,0.8140739798545837,0.5364829369311063,0.4595687738522326,0.0,0.8700307011604309,0.6076062040508918,0.40678814365275234,0.0,0.8018748760223389,0.5733437808054798,0.5691767098015821,0.0,0.6826626658439636
125,0.651240366809773,0.30373583677922333,0.0,0.9633690118789673,0.6230588948951578,0.41459639800642323,0.0,0.947952151298523,0.6212985200702019,0.5775825787787657,0.0,0.8889573812484741,0.5208111169203272,0.3771604913049163,0.0,0.9572736620903015,0.583605964228792,0.43959664699921547,0.0,0.939766526222229,0.5527063765615787,0.6239970698017455,0.0,0.8577073812484741
126,0.6498969455934921,0.3030059048321457,0.0,0.9763532876968384,0.6212560545723393,0.4183036772277066,0.0,0.9705557227134705,0.6197561587927476,0.5700801705715547,0.0,0.9267363548278809,0.5099258422851562,0.39723725897497714,0.0,0.9716385006904602,0.5719262608941996,0.4588474289642717,0.0,0.9540762901306152,0.5371994522382628,0.6454589077618331,0.0,0.8690275549888611
