frame,right_shoulder_x,right_shoulder_y,right_shoulder_conf,right_elbow_x,right_elbow_y,right_elbow_conf,right_wrist_x,right_wrist_y,right_wrist_conf,right_hip_x,right_hip_y,right_hip_conf,right_knee_x,right_knee_y,right_knee_conf,right_ankle_x,right_ankle_y,right_ankle_conf,left_shoulder_x,left_shoulder_y,left_shoulder_conf,left_elbow_x,left_elbow_y,left_elbow_conf,left_wrist_x,left_wrist_y,left_wrist_conf,left_hip_x,left_hip_y,left_hip_conf,left_knee_x,left_knee_y,left_knee_conf,left_ankle_x,left_ankle_y,left_ankle_conf
0,0.51026815,0.42508024,0.008302376,0.4286381,0.57259697,0.007027164,0.37874568,0.5556467,0.004052985,0.52424186,0.61335903,0.002396455,0.60638076,0.519967,0.043012753,0.46791428,0.68727046,0.01604924,0.6021595,0.47058707,0.014737274,0.5694728,0.5851344,0.005466715,0.4902099,0.61825985,0.007706495,0.56825215,0.6176244,0.0026753272,0.598521,0.5207476,0.056361143,0.44005445,0.79802024,0.004703309
1,0.51023513,0.42502913,0.008284727,0.42845672,0.5726137,0.0069637625,0.37850812,0.55564207,0.004068478,0.52423304,0.613344,0.0023738998,0.60650104,0.5199135,0.042585406,0.46788883,0.6872998,0.016027514,0.60216737,0.47048151,0.01460245,0.56950927,0.58511025,0.00539101,0.49028647,0.61844075,0.007586038,0.56822133,0.61751944,0.0026673619,0.59864444,0.5206727,0.055879805,0.4400601,0.7979914,0.0047139795
2,0.5102707,0.4249102,0.008262758,0.4283438,0.57264775,0.006925675,0.37853056,0.5556167,0.0040795384,0.52427477,0.6131951,0.002366321,0.606497,0.51990616,0.04273695,0.46781176,0.68729293,0.015974188,0.6021638,0.4704049,0.014578803,0.569485,0.5851689,0.00538886,0.49034998,0.6184545,0.007511449,0.5682081,0.61742526,0.002667325,0.59861106,0.52068436,0.055927232,0.43835077,0.77928805,0.005593717
3,0.51026833,0.424915,0.008262324,0.42834625,0.5726518,0.0069264197,0.37853786,0.55562824,0.004079498,0.5242746,0.6131915,0.002366886,0.6064971,0.5199112,0.04276398,0.46780676,0.6872786,0.015962431,0.60215497,0.47040433,0.014580386,0.5694844,0.5851659,0.005393884,0.4903403,0.6184571,0.0075139333,0.568208,0.6174238,0.0026688615,0.59861207,0.52069336,0.055953734,0.4383349,0.7792748,0.0055938205
4,0.5103252,0.42493537,0.008286094,0.42833665,0.5726113,0.006911378,0.37843272,0.5556876,0.004082348,0.5243102,0.61318517,0.002357485,0.60653955,0.5198936,0.04295263,0.4678455,0.6873436,0.015963351,0.60220325,0.47036335,0.014638681,0.5694823,0.5851211,0.0053743217,0.49043298,0.61849326,0.0075068744,0.5682752,0.6174028,0.0026551045,0.59864885,0.52067405,0.056203097,0.438383,0.779272,0.005600375
5,0.51036423,0.42496473,0.008257118,0.42825156,0.572592,0.0068676886,0.37842095,0.55560875,0.00408092,0.52425635,0.61314327,0.0023543627,0.60652703,0.51982164,0.04308212,0.46788296,0.6873406,0.015996862,0.60227,0.47031814,0.014599616,0.569543,0.5850715,0.005323944,0.49054092,0.6185485,0.0075190878,0.56826025,0.6173159,0.0026457065,0.59864247,0.5205682,0.05643921,0.43841636,0.7792592,0.0056154444
6,0.51037765,0.42493594,0.00816713,0.42818707,0.57259744,0.006736366,0.3783077,0.55558777,0.004091231,0.5243724,0.6131075,0.0023362758,0.6065415,0.5198062,0.043299343,0.4678672,0.6873031,0.015955925,0.60237455,0.47021997,0.014529359,0.5701296,0.5728416,0.007384813,0.49063578,0.6185569,0.007471201,0.56833535,0.6171876,0.0026347148,0.5986408,0.52051705,0.056705672,0.4400236,0.7980437,0.004719614
7,0.5102152,0.42483985,0.008112376,0.42817217,0.5725001,0.0067172623,0.37813815,0.55539644,0.0041192966,0.5243433,0.61316717,0.002331037,0.6065892,0.51978856,0.04342135,0.46784538,0.6872302,0.015860433,0.60274875,0.48220822,0.017207406,0.57031286,0.57279325,0.0074235327,0.49061325,0.61851805,0.0074957274,0.56840307,0.6171663,0.0026361637,0.5987094,0.52049834,0.05697963,0.4400115,0.79805547,0.004717662
8,0.51015073,0.42485845,0.008095323,0.42822024,0.5724273,0.0067027546,0.37794697,0.5553134,0.0041010897,0.52428836,0.61323434,0.002334697,0.60662174,0.5198006,0.04359605,0.46785522,0.6872225,0.015793601,0.6027866,0.4822134,0.017254256,0.57043564,0.5727397,0.0074524493,0.4905361,0.6184377,0.0075283702,0.5684644,0.6171587,0.002636392,0.5988025,0.5205073,0.05738097,0.44006026,0.7980729,0.00471926
9,0.5101594,0.4248522,0.008086491,0.42820352,0.5724325,0.006703345,0.37796354,0.55530375,0.0040998086,0.52428055,0.61322445,0.0023360336,0.6066244,0.5198056,0.043625563,0.46785682,0.6872151,0.015789777,0.60278434,0.48220742,0.01725466,0.5704348,0.572741,0.007454002,0.49052227,0.6184332,0.007523235,0.56846976,0.61715287,0.002637976,0.59880495,0.52051324,0.057403825,0.44006333,0.79807085,0.004718383
10,0.5101113,0.42507395,0.008112019,0.4282443,0.5723851,0.0067213173,0.37792125,0.5554072,0.0040673357,0.5242468,0.61334807,0.0023406579,0.6066812,0.51985174,0.04297458,0.46790114,0.6872683,0.01578382,0.60242265,0.47031748,0.014401964,0.57043064,0.5726795,0.007419255,0.49041924,0.6183759,0.007509714,0.56847036,0.61723775,0.0026384455,0.5989853,0.5205629,0.05682665,0.44017115,0.79806733,0.0047111753
11,0.51010764,0.42532825,0.008289599,0.42833498,0.5724217,0.006810072,0.3780646,0.5555051,0.004048028,0.5241597,0.61345994,0.0023556037,0.6066455,0.5199352,0.04231247,0.46795884,0.6873281,0.015766688,0.60229903,0.4706265,0.014281175,0.5702632,0.5727597,0.0073777307,0.49040255,0.6183984,0.007508133,0.568375,0.61739916,0.002648233,0.5989861,0.5206405,0.056059353,0.44023246,0.79805577,0.0047141993
12,0.5101686,0.4253236,0.00831728,0.42834386,0.5724701,0.006799701,0.3780023,0.5555184,0.0040466976,0.5242066,0.61341774,0.0023473897,0.60662293,0.5199125,0.04207019,0.46796012,0.68733907,0.015718265,0.60232526,0.47064495,0.014336007,0.57027996,0.57274616,0.0073635248,0.49046063,0.6184277,0.0074987006,0.5683778,0.61734474,0.0026368608,0.5989091,0.5206266,0.055705287,0.44018704,0.7980758,0.004713195
13,0.5100314,0.42531294,0.008083516,0.4281518,0.5724329,0.006694223,0.37775862,0.55547446,0.004052909,0.5243103,0.61326545,0.0023179725,0.6066971,0.5198899,0.041791234,0.46781686,0.68724746,0.015534604,0.6023811,0.47048414,0.014214304,0.57045287,0.572672,0.007283073,0.49045998,0.6183847,0.0073676496,0.5684937,0.6171683,0.0026178097,0.5989628,0.5206004,0.05537194,0.4400416,0.7980926,0.004704289
14,0.5100493,0.42540047,0.00800577,0.4282607,0.57229096,0.0067188023,0.37775037,0.5555003,0.0040681567,0.52431756,0.6133176,0.0023195578,0.60668206,0.519957,0.04193878,0.46773908,0.68722916,0.015640397,0.6023436,0.47056204,0.014299222,0.57046306,0.57267714,0.0073847743,0.49040255,0.6184164,0.0073623187,0.568542,0.6172389,0.0026250943,0.59898084,0.5206751,0.05572228,0.44009674,0.7980725,0.004704838
15,0.5100414,0.4254,0.008016941,0.42823303,0.572299,0.0067154015,0.37774652,0.5554966,0.00406857,0.5243234,0.61331093,0.0023194982,0.6066978,0.5199459,0.041879646,0.46773258,0.6872255,0.015628679,0.60235643,0.47056642,0.014305636,0.57047355,0.5726865,0.0073737404,0.49040714,0.6184018,0.007357375,0.56855017,0.61724097,0.0026250433,0.5989981,0.52066416,0.055651356,0.4400947,0.7980647,0.0047050905
16,0.510004,0.4255015,0.008036277,0.4283744,0.5721286,0.0067883106,0.37784702,0.55540705,0.0040961844,0.52429897,0.6133639,0.0023425203,0.6065912,0.5200368,0.042138353,0.467678,0.68706065,0.015715128,0.60222137,0.4706756,0.014494859,0.57037455,0.57264215,0.0075084525,0.4902902,0.6184519,0.0073766066,0.56859314,0.6173481,0.0026437119,0.59889495,0.5207654,0.056134988,0.4400076,0.7981092,0.0047000446
17,0.50988275,0.42551377,0.008066317,0.4284317,0.57198256,0.0068392446,0.37782538,0.55528456,0.004137558,0.52434736,0.6133923,0.0023665857,0.6065184,0.5201133,0.042483892,0.46758237,0.68685555,0.015679793,0.60217774,0.47071406,0.014641472,0.57034856,0.5725728,0.007620669,0.49022868,0.61852694,0.0074226693,0.56863856,0.61737067,0.0026778781,0.5988327,0.520833,0.05668699,0.43981653,0.7981144,0.0047154767
18,0.5099864,0.42558017,0.008167157,0.42841744,0.57191527,0.006825545,0.3778183,0.5551496,0.0041406183,0.5245237,0.6133677,0.0023719582,0.6064083,0.52020305,0.043030057,0.46761268,0.6868242,0.015698602,0.6022331,0.47069547,0.014706674,0.5703233,0.5725541,0.007655663,0.49024668,0.6185133,0.0074193534,0.5687205,0.61728925,0.0026975935,0.59873444,0.52089494,0.057263307,0.439699,0.7981664,0.0047301417
19,0.51000494,0.42571658,0.008261965,0.42841604,0.57190514,0.0068422514,0.3777912,0.5551423,0.0041495925,0.5246195,0.61335945,0.0023786668,0.60633594,0.52021325,0.04324939,0.46764925,0.6868426,0.01560519,0.6022163,0.47070774,0.014736497,0.5702211,0.57255363,0.007689816,0.49032792,0.61848223,0.007438526,0.56876075,0.6172491,0.0027149017,0.59863925,0.520878,0.057512987,0.4396497,0.7981905,0.004744679
20,0.5101047,0.4256674,0.0082885325,0.42828918,0.5719901,0.006783888,0.37771803,0.5551846,0.004133144,0.52471757,0.61330366,0.002363505,0.6063808,0.5202481,0.0430692,0.46764556,0.6869026,0.0155169945,0.6022914,0.47056052,0.014550155,0.57024896,0.5725306,0.0076079215,0.49038795,0.61844885,0.0073741,0.5687894,0.6171172,0.002709733,0.5986794,0.52088064,0.05719447,0.43955812,0.7982041,0.004747405
21,0.5101068,0.42566425,0.0082873795,0.42828637,0.57199603,0.006784791,0.37771237,0.5551879,0.0041359295,0.52471834,0.6133088,0.0023632161,0.60638183,0.52025294,0.043042164,0.46764126,0.6868937,0.015504171,0.6023059,0.47055596,0.0145316245,0.570262,0.57252604,0.0076107522,0.4903853,0.6184521,0.0073758597,0.56880504,0.61711794,0.0027094071,0.5986888,0.5208873,0.05717149,0.4395462,0.7981943,0.0047450396
22,0.51014537,0.42554405,0.008358486,0.42821282,0.57207614,0.0067124064,0.37756264,0.5551717,0.004111487,0.5248048,0.61323714,0.00234583,0.60645145,0.52026194,0.04278896,0.46763706,0.6869661,0.015329017,0.60233533,0.47030824,0.014384438,0.570285,0.57250017,0.007501115,0.49053577,0.61844426,0.007323978,0.56884414,0.61695963,0.0026989782,0.59872466,0.520856,0.056834523,0.43950835,0.79823685,0.0047357557
23,0.51013577,0.425406,0.008490881,0.4281305,0.5721434,0.0066537503,0.37743562,0.55519146,0.0040939054,0.5248619,0.613235,0.002331546,0.60649025,0.5201895,0.04270919,0.4676063,0.68700683,0.01522256,0.60238063,0.47008276,0.0143409,0.57032675,0.5724681,0.0074459333,0.49065566,0.6184204,0.0072825626,0.5689011,0.6168791,0.0026931881,0.5987695,0.5207335,0.0567969,0.43944594,0.79823554,0.0047406955
24,0.51006037,0.42527312,0.008603634,0.4280451,0.5722252,0.0065591517,0.3773084,0.5551758,0.0040547037,0.5249561,0.6132158,0.0023059717,0.60654485,0.5201218,0.04252601,0.46756536,0.6870798,0.01513812,0.602437,0.46988654,0.01429597,0.57036686,0.5724654,0.0073436196,0.49077886,0.61840737,0.007200258,0.5689518,0.6167905,0.0026752572,0.59881973,0.5206284,0.056630287,0.43768537,0.7794793,0.0056364276
25,0.5100232,0.42512596,0.008747075,0.4280454,0.5722518,0.0065833754,0.37742847,0.5552542,0.0040581,0.5249584,0.6132213,0.0023078145,0.6065464,0.52007174,0.04271585,0.46755618,0.6870679,0.015180756,0.6024158,0.4697973,0.014411987,0.5703812,0.5725522,0.0073793544,0.49075907,0.6183817,0.0072303265,0.568954,0.6168186,0.0026755815,0.5988338,0.5205635,0.05683598,0.4393291,0.79815745,0.0047295047
26,0.51002324,0.4250939,0.008807244,0.4279977,0.57230735,0.006582889,0.37745443,0.555261,0.004052848,0.5249753,0.613261,0.0022980396,0.60657144,0.52003425,0.04275477,0.4675483,0.6870693,0.015174882,0.60241383,0.4697783,0.014467115,0.5704107,0.5725824,0.007382513,0.49074864,0.61838734,0.007199157,0.56900704,0.61685455,0.0026659505,0.5988473,0.52050865,0.05686788,0.43933114,0.798141,0.0047242553
27,0.5100302,0.42508835,0.008812112,0.42798448,0.5723223,0.0065767076,0.37745595,0.5552603,0.0040485505,0.5249914,0.6132658,0.0022995204,0.6065714,0.5200361,0.042770006,0.46755198,0.6870692,0.015158928,0.6024157,0.4697813,0.014478296,0.5704195,0.5725797,0.007380392,0.49075103,0.61838454,0.0072001964,0.56901944,0.61685646,0.00266832,0.5988507,0.5205103,0.056894254,0.4393348,0.79813975,0.004723684
28,0.50991535,0.42511111,0.008879291,0.42808276,0.5723278,0.006670826,0.37768394,0.55537546,0.004049704,0.52485216,0.6133102,0.0023147725,0.6066068,0.5200064,0.0428818,0.46752685,0.68699807,0.01524565,0.6023737,0.46992803,0.014605853,0.5704191,0.57268226,0.0074632,0.4905854,0.6183458,0.0072861593,0.5689716,0.61699456,0.0026693644,0.5988645,0.5204934,0.056973208,0.4393595,0.7981415,0.004733194
29,0.5099306,0.42510626,0.008875166,0.42802006,0.57233346,0.006651615,0.37766236,0.5553955,0.0040428056,0.5248864,0.6133145,0.002300667,0.60661966,0.5199819,0.042778324,0.46752048,0.68703496,0.015201165,0.6024018,0.46992254,0.014511195,0.5704538,0.5727242,0.0074624736,0.4905966,0.61827636,0.007250494,0.56899697,0.6169962,0.0026600666,0.5988744,0.52046055,0.056783106,0.43936023,0.79812646,0.004730014
30,0.5099145,0.42507035,0.008923199,0.42806965,0.5723316,0.0066254716,0.37761456,0.55540925,0.004041792,0.52492344,0.61331224,0.0022918002,0.60660267,0.5199128,0.042751905,0.46755788,0.6870628,0.01518994,0.6024091,0.46992627,0.014525508,0.5704534,0.5727727,0.007469893,0.49063867,0.6181962,0.007247762,0.56902725,0.617004,0.0026442911,0.5988495,0.52039075,0.056745175,0.43937954,0.7981519,0.0047228653
31,0.50987834,0.4251826,0.008873782,0.4279881,0.5723049,0.00661091,0.37755993,0.55536765,0.00405274,0.52501553,0.6133445,0.0022783915,0.6066265,0.5199106,0.042529356,0.46759307,0.6870952,0.015130302,0.6024027,0.46999753,0.014415176,0.5704649,0.57280415,0.0074400716,0.4907321,0.6182385,0.007209406,0.5690781,0.6170215,0.002632787,0.5988588,0.52038026,0.05649429,0.43936643,0.7981468,0.0047189263
32,0.5098102,0.4252329,0.008871699,0.42795387,0.57229465,0.0065588555,0.37740323,0.55530185,0.004043762,0.52513033,0.6133516,0.0022475754,0.6066509,0.51987803,0.042128664,0.46760806,0.6871967,0.015043307,0.6024521,0.46994177,0.014174477,0.570492,0.57283175,0.0073419297,0.49088746,0.6182428,0.0071365666,0.5123433,0.51419395,0.010871889,0.5988805,0.5203148,0.05600193,0.43932477,0.7981801,0.004707738
33,0.50980556,0.42523095,0.008866827,0.4279436,0.57229286,0.0065561878,0.37739697,0.5553008,0.0040437523,0.5251283,0.61334133,0.0022472632,0.6066612,0.5198739,0.04211857,0.46759686,0.6871937,0.015027759,0.6024521,0.46993518,0.014168948,0.57049763,0.57282805,0.00733567,0.4908852,0.61823916,0.0071314694,0.5123353,0.51418567,0.010870145,0.59888756,0.52031374,0.055980377,0.43931618,0.79817367,0.0047064736
34,0.50975513,0.42519373,0.008895557,0.42782402,0.5722475,0.0065174922,0.377324,0.55521667,0.004045039,0.52516496,0.61331254,0.002223136,0.60666424,0.5198778,0.041873712,0.46760786,0.6872561,0.014964255,0.6028803,0.48186582,0.016685408,0.5705386,0.57278377,0.0072175264,0.4909727,0.6182613,0.0070458977,0.49423218,0.51288044,0.011286137,0.5989301,0.5203018,0.055756126,0.43931213,0.7981874,0.0046969033
35,0.50976694,0.425131,0.008927594,0.42776293,0.57222563,0.0065166648,0.37731576,0.55514455,0.0040529966,0.52513045,0.6132663,0.0022157074,0.6066684,0.51991504,0.04181788,0.4675856,0.68725485,0.014947739,0.60291433,0.48184383,0.016612165,0.570568,0.57270896,0.0071314024,0.49090084,0.6182853,0.006984706,0.4941821,0.51284987,0.011278324,0.59897447,0.5203358,0.05568811,0.4393188,0.7982055,0.004689786
36,0.5098318,0.42503014,0.008933013,0.4277802,0.5722338,0.0065550725,0.37739986,0.5551494,0.0040574716,0.5249878,0.61319315,0.0022173896,0.60667497,0.51995015,0.041832905,0.4675406,0.6872477,0.014911386,0.6028717,0.48177108,0.016542677,0.57053554,0.57264847,0.007070621,0.49080437,0.6182576,0.006977615,0.51224875,0.51400584,0.010848494,0.5989689,0.5203698,0.05561658,0.43928432,0.7982469,0.0046748593
37,0.50987285,0.4248838,0.008908263,0.42770386,0.5722281,0.006544877,0.377532,0.55517757,0.004042099,0.52487105,0.6131296,0.0022196576,0.6066633,0.519985,0.041800354,0.46752557,0.6872277,0.014979592,0.60244393,0.46965396,0.013892557,0.5705928,0.5726228,0.0070344643,0.4906901,0.61831963,0.0069415034,0.5121489,0.5139463,0.010890147,0.59898025,0.52043563,0.05554686,0.43936923,0.79824686,0.00467768
38,0.50999343,0.42486697,0.008835341,0.42772543,0.57222,0.0065623275,0.3775813,0.5551471,0.0040509407,0.5248032,0.61307055,0.0022292496,0.60656804,0.52003825,0.041949138,0.46752122,0.6871908,0.015017604,0.6027861,0.48178807,0.016531827,0.5705762,0.5725908,0.007048574,0.49067402,0.61835146,0.006958943,0.56906676,0.6167288,0.0025668545,0.5988868,0.52051646,0.05571833,0.43942234,0.7982752,0.004670876
39,0.5099913,0.42485216,0.008851386,0.42770004,0.5722231,0.0065549575,0.3775811,0.55513793,0.004047555,0.5248074,0.6130705,0.0022273199,0.60658437,0.5200273,0.04188758,0.4675264,0.68720746,0.015022119,0.6027961,0.4817708,0.01653773,0.5705915,0.5726042,0.0070302123,0.4906681,0.61835426,0.006940406,0.5690684,0.6167356,0.0025653278,0.5989071,0.52050567,0.055638228,0.43944436,0.7982662,0.0046765213
40,0.5100291,0.42481127,0.008765434,0.42768782,0.57214135,0.0065217945,0.37752664,0.5550724,0.0040511894,0.52481204,0.612995,0.0022353418,0.60647196,0.52009404,0.04213188,0.46758434,0.6871697,0.015039444,0.60273117,0.48178646,0.016527114,0.5705933,0.57249874,0.007034358,0.4906915,0.61840105,0.006931426,0.5690464,0.6166512,0.0025778778,0.59879565,0.5206018,0.05593778,0.439515,0.7982837,0.004666692
41,0.5100697,0.42492676,0.008648187,0.42776692,0.57202935,0.006574051,0.3776158,0.5550273,0.004061821,0.52468723,0.61296916,0.002261867,0.6063912,0.5201318,0.04266785,0.46759066,0.6871008,0.015161172,0.6022965,0.4698995,0.014112272,0.5705821,0.5724715,0.0071284175,0.49059975,0.61845803,0.0069906414,0.5690083,0.6166891,0.0025979402,0.59874,0.52069485,0.056714445,0.43796152,0.77955437,0.005546668
42,0.51012814,0.42507598,0.008502225,0.4278569,0.5719286,0.0065912134,0.37756598,0.5550085,0.0040713013,0.5245769,0.6129858,0.0022747922,0.6063332,0.5201287,0.042682316,0.46757808,0.68704265,0.015260513,0.60226685,0.47000715,0.014124425,0.5705025,0.57238376,0.007160039,0.4905741,0.6185513,0.0070394026,0.56893456,0.61671066,0.0026050557,0.59866464,0.5207195,0.05678993,0.4380513,0.77950335,0.0055219615
43,0.51017684,0.42513275,0.008342257,0.42781076,0.5718821,0.0065729246,0.37752357,0.5549367,0.0040706308,0.52452725,0.61292607,0.002255011,0.6063935,0.5201718,0.04243016,0.46763927,0.6871159,0.015321857,0.6022979,0.47004294,0.01403211,0.57055604,0.57236123,0.007098522,0.49058187,0.61862797,0.006986598,0.5689062,0.6166761,0.0025800907,0.59872115,0.52079606,0.05647984,0.43816558,0.7794196,0.005478544
44,0.51021975,0.42505652,0.008187209,0.42773542,0.57184565,0.006537988,0.37756002,0.5548737,0.004047456,0.52449024,0.6128296,0.0022465298,0.6064081,0.5202221,0.042433742,0.46767485,0.6871656,0.015336719,0.6023896,0.47003227,0.014016444,0.5705549,0.5723737,0.0070491075,0.4905532,0.6187337,0.0069076084,0.56885695,0.6166024,0.002581969,0.59875685,0.5208542,0.056440823,0.43830928,0.7794347,0.0054659895
45,0.510224,0.42504174,0.00819774,0.4277208,0.5718535,0.006532775,0.3775596,0.55486834,0.0040460997,0.5244957,0.61282915,0.0022452562,0.6064177,0.5202104,0.04239768,0.46767208,0.6871761,0.015339082,0.6023957,0.47001597,0.014025271,0.5705675,0.57238275,0.0070328754,0.49054685,0.61873287,0.0068969075,0.5688595,0.61660224,0.0025807584,0.5987721,0.52084184,0.056397088,0.43832707,0.77943194,0.005471124
46,0.5101717,0.4248838,0.008047788,0.42767954,0.5717978,0.006504282,0.37762544,0.55486566,0.0040488155,0.52445114,0.6127901,0.0022351616,0.6064738,0.52019376,0.042110357,0.46779364,0.68721676,0.015356565,0.60279334,0.48214695,0.016676372,0.57060736,0.5724539,0.0070171696,0.49068314,0.61869305,0.006878231,0.5688386,0.616607,0.0025712855,0.59885806,0.52084285,0.05608184,0.44003224,0.79824674,0.004558516
47,0.51009846,0.42493945,0.007993717,0.42770198,0.57185096,0.006578285,0.37784514,0.5550827,0.004082116,0.5241685,0.61287254,0.00225389,0.60651565,0.5200975,0.04160071,0.46779683,0.68722963,0.015441731,0.6026121,0.48228803,0.01674321,0.570217,0.5847882,0.0051371716,0.49054992,0.6185958,0.006957434,0.5687442,0.61687416,0.002566016,0.5989083,0.52081364,0.05555034,0.4401216,0.79814863,0.00454645
48,0.51021516,0.4248733,0.007937101,0.42757276,0.5719948,0.006501053,0.37775862,0.55531573,0.0040577683,0.52413946,0.61289275,0.0022347884,0.60654557,0.5199239,0.04092855,0.4678367,0.68725616,0.015308992,0.6025957,0.48216987,0.016547099,0.5702313,0.58483696,0.0050926916,0.4907492,0.6185666,0.0069883387,0.56875277,0.6168889,0.002534528,0.59890336,0.5206404,0.054630507,0.44007123,0.79805696,0.0045128805
49,0.51021355,0.42477286,0.008037707,0.42743653,0.5720884,0.0064908485,0.377769,0.5552416,0.00406045,0.52422166,0.6128715,0.0022252037,0.6065666,0.51980317,0.040971097,0.46786863,0.6873267,0.015312486,0.6027954,0.4820204,0.016588625,0.5702847,0.58482635,0.0050419713,0.49080172,0.6183991,0.007011005,0.5688201,0.6168464,0.0025197482,0.5989368,0.5204919,0.054605123,0.4400006,0.7980711,0.004525114
50,0.5103756,0.42482278,0.008226051,0.4275137,0.5722215,0.0065825176,0.37790564,0.55535805,0.0040113274,0.52419245,0.61302274,0.0022605772,0.60653085,0.5197455,0.041258086,0.46780714,0.6872197,0.015386356,0.60266984,0.48226053,0.016713534,0.5701761,0.5848647,0.00512303,0.49084812,0.6184319,0.0071632126,0.56870687,0.6170623,0.002549662,0.5988484,0.52043855,0.054948915,0.43989995,0.7980594,0.004593122
51,0.5103704,0.42481276,0.00823528,0.42749107,0.57222646,0.006580011,0.37790972,0.5553544,0.004010695,0.52418643,0.61302805,0.002261257,0.6065415,0.519735,0.041214105,0.46780908,0.68722975,0.015395692,0.58845365,0.48178747,0.017261345,0.5701911,0.5848728,0.0051174746,0.49083307,0.6184289,0.0071553322,0.5687098,0.6170716,0.002550078,0.5988664,0.5204292,0.054902926,0.43992004,0.7980571,0.0045985514
52,0.510496,0.4249104,0.008365546,0.42753068,0.5723323,0.00667559,0.3780131,0.555314,0.004006362,0.5242084,0.6131527,0.0022850097,0.60650724,0.51976985,0.041503087,0.4677119,0.68708956,0.015347626,0.5883398,0.48184955,0.01731075,0.57017463,0.58480513,0.005159056,0.49087077,0.61838317,0.0072742733,0.49354687,0.5129133,0.011295624,0.5988641,0.52044094,0.055215627,0.4398382,0.7980242,0.004606925
53,0.5103988,0.42470416,0.00839319,0.4275056,0.57237834,0.00668574,0.37803313,0.55525184,0.0040182206,0.5241322,0.6131357,0.0022977937,0.6065545,0.51969063,0.041894384,0.46766135,0.68699586,0.015360984,0.58840925,0.48163143,0.017544124,0.57027906,0.58480424,0.005204681,0.4907352,0.6183566,0.0073201032,0.56871504,0.6171536,0.00257893,0.598808,0.5203566,0.05566755,0.4398271,0.79802835,0.004613987
54,0.5103348,0.42470026,0.008356885,0.42755458,0.57240105,0.006691329,0.37812516,0.555228,0.004022228,0.52420145,0.6130893,0.0023184193,0.6064588,0.5196993,0.043102518,0.46760815,0.686968,0.015444176,0.58837724,0.48164806,0.01769447,0.5702634,0.5847734,0.005292747,0.4907259,0.6183646,0.007370841,0.5687407,0.6170918,0.0026093088,0.59867465,0.5203437,0.057137366,0.439793,0.7980357,0.0046183295
55,0.5103315,0.42471245,0.008314044,0.42753977,0.57236665,0.006716124,0.3782335,0.5552873,0.0040141805,0.52414,0.6130403,0.002338699,0.6063196,0.5197035,0.043913387,0.46758646,0.6869977,0.015529484,0.58844113,0.48166007,0.017958017,0.5702296,0.58471704,0.0053380616,0.49067536,0.61830235,0.0074086264,0.56871116,0.6170523,0.0026370513,0.5984632,0.52033067,0.05811078,0.4398309,0.79802257,0.004633873
56,0.51010644,0.4247811,0.008410121,0.42757374,0.57229394,0.006737173,0.37820432,0.55537534,0.004023544,0.52401793,0.6130541,0.0023397182,0.6063117,0.5196601,0.04332946,0.46760157,0.68699205,0.0154798,0.58844024,0.48167723,0.017921917,0.57018226,0.5847421,0.0053356793,0.4905935,0.618251,0.0073884316,0.56862193,0.6170949,0.0026425843,0.59847116,0.52031094,0.057518013,0.43978274,0.79800683,0.0046212194
57,0.5100955,0.4247661,0.008413272,0.42755803,0.57229793,0.006737349,0.37821403,0.5553687,0.0040246984,0.5240105,0.6130625,0.0023402802,0.606325,0.51965517,0.04327151,0.46760428,0.68700457,0.0154887345,0.5884382,0.48167434,0.017940274,0.57019114,0.58474886,0.005328894,0.49058622,0.618249,0.007381259,0.5686182,0.61711067,0.0026428066,0.5984863,0.5203075,0.05745222,0.4397975,0.7980034,0.004627312
58,0.50991946,0.4248725,0.008490178,0.42772567,0.57224154,0.006797438,0.37831149,0.55539244,0.0040297825,0.5238859,0.6131392,0.0023418474,0.6063502,0.5195976,0.042879142,0.4675886,0.68696004,0.0154745625,0.58835095,0.4817093,0.018000413,0.5701772,0.58476365,0.0053449697,0.4903822,0.6181066,0.007418138,0.56856084,0.61724454,0.002645592,0.59853506,0.5202566,0.05700218,0.43977833,0.79797894,0.0046179
59,0.50985,0.42487544,0.008566689,0.42780194,0.5722073,0.0068074693,0.37837467,0.5554256,0.0040256944,0.5239533,0.61314553,0.0023384609,0.6063084,0.5196152,0.042723972,0.4676357,0.68691367,0.015434382,0.5882564,0.48176888,0.018081965,0.5702804,0.58477646,0.0053281584,0.49023527,0.6180684,0.0073938323,0.56861025,0.6172913,0.00264361,0.5985493,0.52027357,0.05681274,0.43980524,0.79796827,0.004611723
60,0.50986904,0.4248451,0.008527195,0.4277071,0.5722175,0.006789578,0.3783479,0.55539113,0.004041126,0.5239716,0.6130823,0.0023310059,0.6063665,0.51957285,0.04269395,0.4676508,0.68684345,0.015406791,0.5882679,0.4816555,0.018003171,0.57030565,0.58471507,0.00527415,0.4902617,0.6180394,0.007400751,0.5686274,0.6172224,0.0026327933,0.59864336,0.52023095,0.056752604,0.4397657,0.79800546,0.0046123187
61,0.5097738,0.4248568,0.008534573,0.42779604,0.5722072,0.0068134917,0.37846088,0.55544734,0.00404314,0.52401364,0.61311114,0.002339725,0.6063343,0.5196146,0.04282708,0.46765304,0.6868649,0.015425934,0.58820295,0.48171368,0.01804389,0.5703056,0.5847462,0.0053273397,0.49021,0.61800146,0.0074354606,0.56867796,0.6172632,0.002633854,0.5985796,0.52026945,0.056931935,0.43972868,0.79799825,0.0046119024
62,0.50973856,0.42477125,0.008500007,0.42764756,0.5721606,0.006807466,0.3783518,0.5553339,0.004078539,0.5238611,0.61310935,0.002340973,0.606398,0.5195165,0.042754747,0.46761033,0.6868731,0.015394044,0.58818406,0.48162752,0.018038029,0.57028955,0.58466464,0.0052558496,0.49026042,0.61802423,0.0074125226,0.568589,0.61717945,0.002634184,0.59862036,0.5201528,0.056854963,0.43975708,0.7980046,0.004598907
