frame,right_shoulder_x,right_shoulder_y,right_shoulder_conf,right_hip_x,right_hip_y,right_hip_conf,right_knee_x,right_knee_y,right_knee_conf,right_ankle_x,right_ankle_y,right_ankle_conf,left_shoulder_x,left_shoulder_y,left_shoulder_conf,left_hip_x,left_hip_y,left_hip_conf,left_knee_x,left_knee_y,left_knee_conf,left_ankle_x,left_ankle_y,left_ankle_conf
0,0.5249194,0.38335514,0.0035983473,0.5654906,0.5979036,0.0015703613,0.60776997,0.5305491,0.029349675,0.42267784,0.7417218,0.012038156,0.58953625,0.46056265,0.008253194,0.705322,0.58315253,0.019707557,0.6009199,0.5101005,0.038102407,0.4099437,0.85716516,0.0044220923
1,0.5249237,0.38347918,0.0037613392,0.5652153,0.5976479,0.0016323972,0.60745096,0.5306348,0.030410718,0.42272145,0.7414517,0.012118177,0.6198622,0.47448924,0.009532804,0.70449454,0.58322656,0.01934938,0.6113809,0.508938,0.04012196,0.42794925,0.8543719,0.0054390174
2,0.5252778,0.3831421,0.0037667737,0.5651862,0.5974745,0.001685824,0.60739034,0.5306936,0.031841636,0.42222157,0.7413825,0.011830628,0.6193993,0.47496498,0.0099748075,0.7036298,0.5833058,0.018615559,0.6112099,0.5094261,0.04114976,0.4273273,0.85416996,0.0055619995
3,0.5252769,0.38313556,0.003761529,0.5652054,0.5974681,0.0016841126,0.6073867,0.53070045,0.03179903,0.42220134,0.74138904,0.011809137,0.61937374,0.47498232,0.009977766,0.7036202,0.5833141,0.018599967,0.611208,0.5094246,0.04109001,0.427294,0.8541774,0.0055656056
4,0.5257659,0.38250354,0.0035520515,0.5651984,0.5971716,0.0017437853,0.6081601,0.5316656,0.029180074,0.41970256,0.7251544,0.013626519,0.6174128,0.47511226,0.010233147,0.70518845,0.58373666,0.018008972,0.6106689,0.5107918,0.039697506,0.4260084,0.8553408,0.0063163987
5,0.5263229,0.38260993,0.0035460568,0.56743526,0.59815776,0.0018634232,0.6087587,0.5433519,0.02905014,0.41957125,0.7249541,0.013373236,0.5873082,0.4601789,0.00887694,0.70726734,0.58276093,0.018678484,0.60989016,0.5209565,0.03737259,0.42586252,0.85624754,0.0059384005
6,0.5252405,0.36613074,0.0026180325,0.5676311,0.59791124,0.0019571371,0.60764426,0.5430296,0.031065753,0.4197526,0.72412676,0.012841387,0.58781946,0.45932466,0.00889257,0.70541066,0.5830555,0.018975127,0.60912174,0.5205459,0.038321406,0.42505756,0.8578836,0.005055598
7,0.5247949,0.36654353,0.0025786848,0.565973,0.5977253,0.0020102572,0.60695696,0.5320046,0.030339763,0.41939622,0.7241359,0.013273168,0.5877282,0.45892155,0.00896501,0.7059547,0.58420855,0.018532295,0.6098071,0.5089764,0.037669063,0.42470556,0.8588338,0.0049760807
8,0.5247209,0.36653784,0.0026424713,0.5655466,0.59814245,0.001839757,0.60740095,0.53141993,0.03002165,0.43068156,0.72618973,0.011864817,0.58867514,0.45887005,0.009001816,0.70600593,0.58476955,0.018255524,0.609893,0.50848204,0.0381235,0.42591804,0.8594427,0.0047385185
9,0.5247308,0.36653578,0.0026409961,0.56554973,0.59813046,0.001837778,0.60740095,0.5314235,0.030003183,0.43066132,0.7261876,0.011851597,0.58866006,0.45885605,0.0090011,0.70602906,0.5847756,0.018263388,0.6098882,0.5084832,0.038098626,0.42590132,0.8594724,0.004726747
10,0.52476096,0.36672142,0.0026799557,0.56586045,0.5984219,0.0018534749,0.60766804,0.531191,0.030601896,0.43114153,0.72650117,0.011279276,0.58920246,0.45870116,0.009044,0.7059536,0.58513325,0.018009609,0.61027455,0.50845075,0.039144687,0.4280401,0.86001116,0.004652916
11,0.52478683,0.36661145,0.0028097432,0.565573,0.5986249,0.0018798547,0.6071682,0.53093624,0.031026967,0.4320084,0.726522,0.011627469,0.58928776,0.45918027,0.00909746,0.70567733,0.58557,0.01782912,0.60991585,0.50834787,0.039932173,0.42902505,0.86009693,0.0047684493
12,0.52567047,0.36603445,0.002734201,0.56613743,0.59813905,0.0018737412,0.6072999,0.5311151,0.031580392,0.43192974,0.7263895,0.011396573,0.5895456,0.45842215,0.008820384,0.7063601,0.5847562,0.018308405,0.6099943,0.50863653,0.040748913,0.42949632,0.8603323,0.004802035
13,0.5262768,0.3656721,0.002690881,0.56678784,0.5979728,0.0019243401,0.6074564,0.5311027,0.031902447,0.4332966,0.7436111,0.010270914,0.5898745,0.45780307,0.008565155,0.7072833,0.58411926,0.017951742,0.60986406,0.508885,0.04155378,0.4292986,0.8600543,0.005015562
14,0.5265068,0.3653928,0.0026254137,0.56685483,0.5975173,0.0019083432,0.6075579,0.5307749,0.032055423,0.43353325,0.7437422,0.0098600555,0.5897499,0.45734814,0.008385161,0.7061808,0.5980122,0.017180912,0.6096706,0.50906813,0.041530486,0.4284805,0.86010736,0.0049149347
15,0.5265143,0.36540613,0.0026253776,0.5617744,0.54090476,0.004934421,0.607578,0.5307803,0.032090448,0.4335072,0.7437436,0.009841857,0.58974636,0.45736504,0.008390222,0.7061252,0.5980392,0.017252225,0.60971004,0.5090942,0.041573405,0.42845452,0.86011946,0.0049164514
16,0.5264837,0.3652371,0.0025104654,0.562022,0.5405232,0.0048948056,0.6074468,0.5306639,0.032180984,0.43406758,0.74366266,0.0099836225,0.4703849,0.51623744,0.01424396,0.71655875,0.59511477,0.01996187,0.60934,0.5091725,0.040877312,0.42739415,0.85948133,0.0052648196
17,0.5262113,0.36495173,0.0023921896,0.58606553,0.59767574,0.0018156904,0.60776967,0.5310099,0.031572595,0.43428797,0.74373513,0.010446443,0.47041118,0.51610255,0.014305549,0.7163321,0.5936825,0.02074007,0.60974497,0.50931853,0.039658416,0.426643,0.8584355,0.0053553632
18,0.52610457,0.36553946,0.0023854838,0.5999548,0.54114187,0.0049912822,0.60847694,0.5307364,0.031235933,0.43398333,0.7438799,0.010413292,0.47043785,0.51634806,0.014195202,0.7165324,0.592964,0.020950478,0.6106782,0.5095328,0.041400436,0.42623866,0.85758656,0.005084317
19,0.52564055,0.3653288,0.0023312988,0.5605776,0.527255,0.0053726803,0.62061465,0.5312215,0.03116488,0.43395796,0.74345833,0.010284729,0.5896094,0.45774302,0.0080267005,0.716168,0.59308004,0.021295993,0.6109279,0.51915264,0.04001294,0.4410678,0.8550831,0.0054594995
20,0.5249629,0.36532494,0.0022901597,0.5980523,0.52772987,0.0054599037,0.6094418,0.5316235,0.029154021,0.4336581,0.74311507,0.009973358,0.4707925,0.5160797,0.013565192,0.7155007,0.5927289,0.021060742,0.610133,0.51996887,0.03745153,0.4416342,0.8550758,0.00528804
21,0.524979,0.3652837,0.0022867736,0.5980645,0.52773446,0.005467921,0.60947514,0.531651,0.029233169,0.43366203,0.7431181,0.009975123,0.47077507,0.5160433,0.013544458,0.7154889,0.59267026,0.021106383,0.6101878,0.520006,0.037531376,0.44163996,0.8550977,0.005284592
22,0.5246801,0.3655507,0.0022758748,0.7193012,0.6308383,0.009451487,0.6092753,0.5332554,0.028465424,0.4328478,0.7252987,0.010780214,0.5875911,0.45712507,0.0077604004,0.71521497,0.59224087,0.020468758,0.6094999,0.5214146,0.034130685,0.4263489,0.8572961,0.0047425316
23,0.524532,0.36614576,0.002263148,0.7192815,0.6311619,0.00918715,0.6090252,0.5434272,0.026622145,0.43292427,0.72476214,0.010903191,0.5876733,0.45694852,0.007899963,0.7154937,0.5923573,0.020388735,0.6221828,0.5206013,0.033669263,0.4266379,0.8576213,0.004721687
24,0.524387,0.36601612,0.0021842883,0.7190269,0.63147336,0.00912474,0.6082577,0.54375196,0.026288863,0.43310276,0.7244759,0.011092458,0.58797044,0.4572927,0.008086872,0.7157451,0.59271425,0.020215092,0.62277067,0.50963604,0.036772233,0.4273635,0.8577419,0.004816262
25,0.5242138,0.36618954,0.0021718708,0.5877331,0.5989781,0.0016930486,0.6080341,0.54326695,0.025294838,0.43326873,0.7243665,0.011439157,0.471993,0.5155161,0.013761593,0.7157958,0.59262383,0.020205654,0.6222457,0.5095766,0.03808449,0.42785412,0.8575374,0.004962742
26,0.5241449,0.36582515,0.002200181,0.56858474,0.59831184,0.0017217891,0.6200464,0.5321642,0.026623517,0.4337607,0.7243146,0.0116045205,0.47173753,0.5156684,0.013699955,0.7157983,0.5936416,0.019559523,0.6099839,0.510483,0.037689492,0.42851514,0.85716045,0.0050615733
27,0.52414346,0.36581963,0.0021960947,0.56858194,0.59830034,0.0017191061,0.62005085,0.5321809,0.02656258,0.43371966,0.72431374,0.011609466,0.47168374,0.5156384,0.013725798,0.71577823,0.5935948,0.01957716,0.60997164,0.51047885,0.03758665,0.42847002,0.85716957,0.005062429
28,0.52425194,0.3657389,0.0021771933,0.5687056,0.5982123,0.0016955303,0.6199005,0.5319367,0.026925117,0.4336819,0.72449756,0.011706607,0.4718904,0.51554424,0.013500104,0.71581864,0.5940059,0.01934482,0.6096435,0.5106629,0.03798497,0.4286241,0.8572527,0.005041957
29,0.5240083,0.36578572,0.00222372,0.5682595,0.5980887,0.0017138841,0.6081118,0.531402,0.026771162,0.43402013,0.72437215,0.012006061,0.47154754,0.5151491,0.013441146,0.71545523,0.59406894,0.019189639,0.6094878,0.511005,0.038298074,0.41060287,0.85975885,0.0042384425
30,0.50642645,0.36536536,0.0020208498,0.56788707,0.5983947,0.0017208993,0.6080665,0.53117704,0.02659962,0.4342967,0.7244469,0.012057886,0.5885042,0.4580337,0.0077692214,0.70820796,0.5817263,0.017141975,0.60954696,0.51103336,0.038372137,0.4105341,0.86012,0.0042067757
31,0.5065326,0.36539266,0.0020435243,0.5672365,0.5985968,0.0017452309,0.6080633,0.53093857,0.026952486,0.43441772,0.7246234,0.011955431,0.5888239,0.45809227,0.007727607,0.7079936,0.5820837,0.017191825,0.60967034,0.5109111,0.03854563,0.410576,0.86047333,0.0040967665
32,0.50626975,0.36542526,0.002066189,0.5666944,0.5987447,0.0017382592,0.6079789,0.5309641,0.0263733,0.43467677,0.72475916,0.012052791,0.58880526,0.4582411,0.007575291,0.7078909,0.5823797,0.017310562,0.6099181,0.5108852,0.037398096,0.41074187,0.86085075,0.0040721195
33,0.5062793,0.36541483,0.002066581,0.56670105,0.59875435,0.0017384323,0.60796505,0.5309748,0.026406119,0.43467855,0.724738,0.012056278,0.588819,0.45825204,0.0075811506,0.70788926,0.5823809,0.017316688,0.6099079,0.51090384,0.037447084,0.4107138,0.8608626,0.0040631355
34,0.5064313,0.36538178,0.002094474,0.56627095,0.59880465,0.0017163106,0.60789645,0.53084725,0.02577615,0.43460542,0.72487,0.012009886,0.5889174,0.45813695,0.0074949795,0.7077412,0.5825576,0.01739528,0.5994758,0.5116487,0.03538579,0.41081583,0.8610947,0.004106125
35,0.5063572,0.365306,0.0021030135,0.5660404,0.59890676,0.0016903122,0.60771483,0.53078824,0.025507335,0.4345832,0.72494537,0.012001917,0.58801126,0.47196752,0.00835485,0.70762426,0.5827547,0.017459882,0.59933424,0.51156914,0.034849852,0.41085958,0.86118037,0.0040933248
36,0.5063887,0.36537617,0.0021270763,0.5659805,0.5990631,0.0016878637,0.6075885,0.53080505,0.025509998,0.4345511,0.7249215,0.011947346,0.5880824,0.47195545,0.008318174,0.7076313,0.5828969,0.017387675,0.5992748,0.511488,0.034679793,0.4108779,0.8612246,0.004083917
37,0.5063899,0.36529708,0.0021297936,0.5657885,0.5991626,0.0016780698,0.6074912,0.5308238,0.0252829,0.43451497,0.72490865,0.011941971,0.5881112,0.47196576,0.008270303,0.70762134,0.5830142,0.017349541,0.5992389,0.51144606,0.03427656,0.41087976,0.8612077,0.004077832
38,0.506399,0.36528942,0.0021473966,0.5657299,0.5992355,0.0016678282,0.6074539,0.53084135,0.025110569,0.43454438,0.72491246,0.0119569795,0.5881721,0.4719531,0.008230203,0.70766574,0.5830773,0.01728767,0.59927267,0.5114008,0.034030806,0.41083342,0.8611585,0.004051847
39,0.5064372,0.3652551,0.0021481088,0.56570697,0.5992489,0.0016634197,0.6074639,0.5308732,0.025114799,0.43455347,0.7249285,0.011955205,0.5881872,0.4719436,0.008226281,0.7076672,0.58306926,0.017313734,0.5992987,0.5114324,0.03404763,0.41081506,0.8611606,0.0040503214
40,0.50649256,0.36521718,0.0021449723,0.56570894,0.59926915,0.0016621783,0.6074496,0.530856,0.025236899,0.43452942,0.72498995,0.011999452,0.5882731,0.47190398,0.008228144,0.7077034,0.5830193,0.017230272,0.59931093,0.5114349,0.03415783,0.41079107,0.8611324,0.0040396927
41,0.50651497,0.3651489,0.002144859,0.5659758,0.59925735,0.0016784676,0.60741633,0.5308916,0.025533466,0.43457934,0.7248492,0.011970784,0.5883315,0.47193214,0.008238424,0.7077672,0.5829545,0.017176073,0.59923893,0.5115202,0.034636777,0.41074243,0.86106336,0.004036536
42,0.5065332,0.3651178,0.0021352058,0.56616324,0.59921104,0.0017111566,0.6074923,0.53096956,0.02608733,0.43467316,0.72461957,0.011951201,0.58834505,0.47208467,0.0083046025,0.7077207,0.58297664,0.01725402,0.5992753,0.5117555,0.035510212,0.4106646,0.86097646,0.004069701
43,0.5065435,0.3651782,0.0021176895,0.5666119,0.59901446,0.0017131192,0.60780454,0.53093475,0.026503436,0.4345061,0.7248139,0.01186598,0.58939695,0.4583422,0.00750664,0.70777607,0.5827858,0.017233625,0.59954256,0.5117928,0.03617167,0.41069674,0.86074984,0.004226814
44,0.5068427,0.36511528,0.0020890585,0.56717753,0.59880555,0.0017243859,0.60805625,0.5308385,0.026888562,0.4344125,0.7247051,0.011824264,0.5894882,0.4585172,0.007667638,0.70785815,0.58261895,0.017136607,0.61001414,0.51070863,0.038154513,0.4107064,0.8604623,0.004298496
45,0.50683767,0.3651382,0.0020956406,0.5671928,0.5988102,0.0017275366,0.60804546,0.530859,0.02697899,0.43441647,0.7246857,0.011842224,0.58948386,0.4585355,0.007674255,0.7078527,0.5826445,0.017158896,0.60997397,0.51072085,0.03825049,0.41071042,0.8604628,0.004294728
46,0.5251074,0.36501,0.0023258484,0.56830543,0.5985093,0.0017897332,0.6080054,0.5311787,0.02768099,0.434028,0.72501516,0.011412539,0.589609,0.458759,0.007909162,0.7078053,0.58248895,0.017512254,0.6097096,0.51081806,0.039492983,0.41057357,0.860291,0.004278399
47,0.52497095,0.36531636,0.0023710353,0.56920546,0.5983313,0.0018186597,0.60806465,0.5316824,0.028376162,0.4335772,0.7253041,0.011211532,0.5900023,0.45877284,0.008065168,0.7079636,0.5821979,0.017560214,0.60990655,0.5105994,0.040209193,0.41029754,0.86016583,0.004267853
48,0.52480704,0.3657509,0.0024194426,0.56905186,0.5981497,0.0018159464,0.6079355,0.5427521,0.026899474,0.43286523,0.7255064,0.011083413,0.59020394,0.4584464,0.008284343,0.70789754,0.58200085,0.017716596,0.61067504,0.5103479,0.03974548,0.42747948,0.8573755,0.00494769
49,0.5249381,0.3661456,0.002502068,0.60014313,0.5429291,0.0048741205,0.60884315,0.5432951,0.027651418,0.43270776,0.7256684,0.0108363535,0.5900262,0.45774102,0.0082686525,0.7159129,0.5949307,0.019641057,0.6231296,0.5092255,0.039623603,0.42698392,0.8572807,0.0050516706
50,0.525082,0.36592636,0.0025141626,0.60051495,0.54270023,0.0047959248,0.6214584,0.543702,0.028398393,0.43291584,0.72594965,0.0106951,0.58928216,0.45748892,0.008137249,0.7162675,0.59480584,0.019499639,0.6102875,0.52095777,0.03583223,0.42670882,0.8572974,0.005201904
51,0.52505124,0.3659208,0.002506629,0.6004888,0.5426862,0.004790657,0.62147564,0.5437181,0.028345011,0.43292367,0.72592837,0.010698638,0.58925664,0.45746568,0.008138349,0.71625483,0.59483063,0.01948886,0.61030406,0.52096707,0.035794817,0.42668524,0.857307,0.005198788
52,0.5252696,0.3655074,0.0024959228,0.5818946,0.5422284,0.004994077,0.6354575,0.54409975,0.029943034,0.43389255,0.74365515,0.010202977,0.58941793,0.4576186,0.008292449,0.7166883,0.5954082,0.019436339,0.61081713,0.52018607,0.037301835,0.42672423,0.8573365,0.005224008
53,0.5254996,0.3655163,0.0026983442,0.587177,0.5993848,0.0019515976,0.6089406,0.53112435,0.03255596,0.43447995,0.74380016,0.010157776,0.58999896,0.45786527,0.008652857,0.70851725,0.58322555,0.017308787,0.62283415,0.50876456,0.0438892,0.4410722,0.85587734,0.0055988836
54,0.5256762,0.3655859,0.002881654,0.5872914,0.59915334,0.0020809863,0.60819256,0.53120774,0.03325887,0.43434513,0.74344647,0.009999489,0.5900556,0.44323778,0.007835749,0.70889086,0.58339214,0.016637065,0.61033535,0.5094676,0.04254809,0.44152147,0.8570457,0.005563381
55,0.5257139,0.36534828,0.0029558574,0.5867332,0.59885716,0.0020806766,0.6072681,0.5313257,0.032416105,0.43378985,0.7431096,0.010166765,0.59066904,0.44314662,0.007986695,0.7086297,0.584162,0.016598735,0.6097585,0.5087423,0.042581737,0.42864317,0.8601859,0.004913032
56,0.52543676,0.3657806,0.0029958824,0.5572371,0.498746,0.007707739,0.6071588,0.53119737,0.031683348,0.43366498,0.742823,0.010304692,0.5904368,0.44287208,0.008114305,0.7079668,0.5853639,0.016408127,0.609484,0.5081685,0.04198702,0.42880273,0.8605174,0.004577332
57,0.52543837,0.36576667,0.002999086,0.5572411,0.4987319,0.0077104815,0.6071635,0.5312004,0.031683717,0.43365598,0.7428249,0.010308831,0.5904426,0.44285995,0.0081152115,0.70796925,0.58536124,0.016398648,0.6094899,0.5081669,0.04199381,0.42878282,0.86050826,0.0045782626
58,0.5250954,0.3661469,0.0030706367,0.5661375,0.598581,0.001973238,0.6069156,0.53150284,0.031168487,0.43228826,0.72565854,0.011573376,0.5901588,0.44380295,0.008283917,0.70795435,0.58663267,0.016100872,0.60936064,0.508237,0.04159067,0.42802575,0.8601318,0.0045064734
59,0.5252636,0.36641446,0.0030568184,0.56626797,0.5992052,0.0019602487,0.606698,0.5317545,0.03115255,0.43263423,0.7256466,0.01241948,0.58970237,0.4450615,0.008033526,0.7084011,0.5876061,0.015385786,0.6091869,0.50840825,0.04115528,0.42639434,0.8595806,0.004622187
60,0.5259941,0.38269228,0.00395001,0.56585705,0.5992399,0.0018835329,0.60653543,0.5318444,0.031226626,0.43290144,0.7254613,0.013099916,0.58885294,0.46039617,0.0091805495,0.708772,0.58780223,0.015340875,0.609185,0.5088711,0.0406718,0.4262785,0.8585851,0.0047841365
61,0.5243715,0.36613286,0.003038962,0.5653691,0.5982102,0.0018440859,0.60573816,0.5319532,0.032150205,0.43320358,0.72578955,0.013037284,0.5879256,0.4606795,0.00920735,0.7088546,0.58747315,0.015622899,0.6085874,0.5095492,0.041023366,0.4269654,0.83766335,0.005572292
62,0.52469176,0.36559567,0.0029515033,0.5655813,0.5981647,0.0018750437,0.6056838,0.5320246,0.032552138,0.43351012,0.72621006,0.013581562,0.5877787,0.4607251,0.008964159,0.7089061,0.5873732,0.015613324,0.59651685,0.52125525,0.037652668,0.42831662,0.8371403,0.006024242
63,0.5246965,0.36561102,0.0029542996,0.5655961,0.5981783,0.0018751018,0.6056787,0.53201914,0.032570448,0.43348902,0.7262119,0.013588079,0.5877687,0.46075112,0.008975642,0.7088979,0.58738035,0.01561418,0.5965073,0.52125716,0.03767054,0.42832366,0.83714265,0.00602272
64,0.52529955,0.3649129,0.0028386782,0.5668388,0.5983856,0.0019264092,0.6066384,0.5319853,0.03221747,0.4336585,0.7262192,0.013107705,0.5878623,0.46009403,0.008705448,0.7092298,0.58707356,0.015805308,0.60884,0.519602,0.038496513,0.42876276,0.8369295,0.0061462517
65,0.5256828,0.3650964,0.0028064745,0.56888014,0.598508,0.0020665438,0.60760355,0.5323842,0.032750685,0.43392292,0.7253743,0.012469213,0.58865976,0.4596703,0.0084065115,0.7096681,0.5854964,0.015228399,0.59853756,0.5211902,0.03735151,0.41091964,0.83823234,0.0047496427
66,0.5255157,0.3652829,0.0029589143,0.5689949,0.5993284,0.0019616785,0.6084322,0.5322674,0.03289094,0.43403557,0.72545636,0.0125087695,0.5891209,0.46081394,0.008121063,0.7092573,0.5860356,0.015557862,0.6107039,0.5198266,0.0396378,0.4110957,0.8380698,0.004888887
67,0.52570456,0.38195294,0.003720913,0.56790805,0.5992753,0.001804706,0.60822767,0.5317426,0.031041784,0.43451837,0.7257824,0.012634528,0.58879775,0.46154064,0.007932784,0.70942384,0.586575,0.0149461655,0.61103165,0.5100744,0.040507045,0.42875525,0.83598596,0.006237814
68,0.5255752,0.38202,0.0039136377,0.567609,0.5993413,0.001746657,0.6073279,0.5312968,0.029776292,0.43490598,0.72589564,0.012363442,0.5880596,0.4616491,0.008142193,0.7093598,0.5872649,0.014223809,0.5993529,0.51129925,0.038141083,0.42791408,0.8184807,0.0067134392
69,0.525584,0.38200483,0.003911404,0.56761956,0.59935445,0.0017532795,0.6073522,0.5313316,0.029834133,0.4348893,0.72588867,0.012355229,0.5880528,0.46165094,0.008154886,0.7093308,0.5871913,0.01426433,0.59941334,0.5113248,0.038192846,0.427897,0.81847245,0.0067214984
70,0.52513814,0.38227195,0.003672748,0.5677257,0.5993324,0.0017184796,0.607391,0.5308341,0.028343474,0.43404058,0.7263217,0.011395681,0.5719765,0.46107805,0.008613348,0.71043473,0.5861885,0.013486311,0.5997775,0.51053816,0.03844204,0.41007054,0.8197351,0.005713295
71,0.52493006,0.3822738,0.0037904296,0.56760395,0.59917873,0.001686643,0.6073214,0.5307284,0.02855148,0.4347571,0.7438064,0.010513083,0.5729277,0.4609258,0.008556663,0.7116256,0.57397646,0.014282423,0.59940743,0.5103754,0.038170073,0.41039082,0.8202268,0.0054953243
72,0.52520734,0.38196963,0.0037488847,0.56787133,0.5991996,0.0016727311,0.6067456,0.5309132,0.029194377,0.434563,0.74394006,0.01042485,0.5732105,0.46109453,0.008352334,0.71096015,0.5751573,0.013944008,0.5985595,0.51064044,0.03817579,0.41046563,0.8204835,0.0054540657
73,0.5250922,0.38184708,0.0037330678,0.5678493,0.59908134,0.001655471,0.60646325,0.53065383,0.029338963,0.43476185,0.7439516,0.010319043,0.57326627,0.46115106,0.008302705,0.71097255,0.57560796,0.013802022,0.5982522,0.51078135,0.038149912,0.41054308,0.82041436,0.0054075923
74,0.52486193,0.38186625,0.003653436,0.56772864,0.5988334,0.0016500218,0.6063897,0.5306925,0.029317204,0.434789,0.7440725,0.010242553,0.57289696,0.47529203,0.009117013,0.7108363,0.5750691,0.01395613,0.5983368,0.5109218,0.038014278,0.4106549,0.82049227,0.0053838426
75,0.5248825,0.38186172,0.0036422142,0.567699,0.5987984,0.0016513475,0.6064034,0.53068954,0.029315827,0.43479288,0.7440703,0.010250558,0.57288206,0.475278,0.009118753,0.71077055,0.57498866,0.014004291,0.5983427,0.5109104,0.038014747,0.41064802,0.8204925,0.005386241
76,0.5245975,0.38194212,0.003624297,0.56747794,0.5987359,0.0016647759,0.6064719,0.5306463,0.029323757,0.43484423,0.74410295,0.010298305,0.5728188,0.47527558,0.009135349,0.7104487,0.5745336,0.014372734,0.5984894,0.5108479,0.03800803,0.4107629,0.82049406,0.0053835823
77,0.5242803,0.38197348,0.0035853279,0.5673844,0.59871656,0.0016646856,0.6064315,0.5306192,0.029065596,0.4349354,0.7440682,0.0103195505,0.555099,0.47508422,0.0095000155,0.7102897,0.5743396,0.014409216,0.59849286,0.5108834,0.037444808,0.41089416,0.8205051,0.005338735
78,0.5241631,0.38191304,0.0035749904,0.56746316,0.59873617,0.0016690308,0.6063562,0.5307174,0.028903212,0.43381906,0.72662956,0.011268065,0.45308435,0.50383085,0.014240186,0.7102214,0.57435143,0.014361767,0.59844124,0.51099956,0.03682644,0.41105294,0.8204995,0.00534693
79,0.52408385,0.38186067,0.0035745692,0.5676701,0.5989455,0.0016717939,0.60610825,0.53095645,0.028881632,0.43383312,0.7268103,0.011222455,0.45328552,0.50393194,0.014272553,0.7102737,0.5742325,0.01440914,0.59829986,0.51117146,0.036501132,0.41125983,0.8205223,0.005360184
80,0.52466196,0.3818485,0.003577519,0.5688615,0.6007236,0.0017166283,0.60580945,0.5318026,0.03036056,0.4328233,0.7271106,0.010955913,0.57249624,0.47559416,0.009260678,0.7102542,0.5763291,0.015010256,0.5977342,0.51122606,0.03855049,0.41131905,0.8395697,0.0049202717
81,0.52462655,0.38186404,0.0035802466,0.5688847,0.600726,0.0017144944,0.6058315,0.5317973,0.030312536,0.43284234,0.72711307,0.01095646,0.5724738,0.47559613,0.009258967,0.71028185,0.57633406,0.014968543,0.59773785,0.5112099,0.038482353,0.41133302,0.8395663,0.0049209227
82,0.5248364,0.3818511,0.0034881812,0.56913173,0.60037875,0.0017405121,0.6063239,0.5320203,0.030313654,0.43267104,0.7270635,0.011254246,0.60338193,0.48895058,0.009898746,0.71078956,0.575363,0.015326391,0.5982425,0.5111881,0.0389265,0.4109744,0.82092446,0.005564207
83,0.52486646,0.3815462,0.0034201313,0.56851685,0.59958786,0.0018293113,0.60656387,0.53214294,0.029680446,0.42260894,0.7432394,0.011151237,0.57192844,0.46146134,0.008675936,0.70827127,0.5867091,0.015605344,0.5986718,0.51108634,0.038827404,0.41100734,0.82091975,0.005695143
84,0.5243875,0.38156274,0.0034922925,0.5668649,0.5987325,0.0018871578,0.5953369,0.5325836,0.02878988,0.42348868,0.7424386,0.01164773,0.5705518,0.46166468,0.008791964,0.70767766,0.5868671,0.015854303,0.5968163,0.52086884,0.035762068,0.4285741,0.83697575,0.0065396545
85,0.5253385,0.38160607,0.0035217076,0.5660988,0.598108,0.001884477,0.595754,0.53245676,0.028754527,0.43330845,0.72602093,0.012400866,0.57069707,0.4610753,0.00842388,0.7082608,0.5722641,0.016473312,0.5971386,0.5211003,0.035301886,0.4423132,0.8353877,0.008169579
86,0.5253641,0.38188273,0.0035623598,0.5672633,0.59836644,0.001957685,0.6069241,0.5328853,0.029567804,0.4328595,0.72547036,0.012645739,0.58699083,0.4612552,0.008390742,0.7069727,0.5857073,0.016670354,0.597467,0.5219538,0.035664126,0.42690825,0.83738065,0.0061660376
87,0.5253532,0.38187933,0.003558344,0.567262,0.5983614,0.0019578126,0.60692865,0.5328867,0.029566258,0.4328585,0.72546774,0.012649956,0.58698016,0.4612567,0.0083893845,0.70694315,0.5857054,0.016671924,0.5974652,0.52195776,0.03566922,0.426899,0.8373838,0.0061633904
88,0.52527237,0.3819916,0.0035150475,0.5668429,0.5989725,0.0021054908,0.6055086,0.5316303,0.030000366,0.43246835,0.7257901,0.012166267,0.5716648,0.460982,0.008857291,0.70818955,0.57257056,0.015976503,0.5958664,0.52051985,0.036192298,0.42646056,0.85846144,0.0053465418
89,0.52507204,0.36551496,0.0027195583,0.5674932,0.5994307,0.002320485,0.6055813,0.5316462,0.02967108,0.432711,0.7263032,0.0117777,0.5880551,0.46121043,0.0085604675,0.7083319,0.57244635,0.016360603,0.59586895,0.52006346,0.03535366,0.42757756,0.85879624,0.0055062515
90,0.52464914,0.36567977,0.0028032626,0.56626433,0.59957564,0.002168407,0.6057692,0.5310631,0.029733684,0.43331438,0.72652054,0.011493075,0.588139,0.4613786,0.008603346,0.70833826,0.57273924,0.016427869,0.5973331,0.51028,0.037385534,0.42885184,0.8586197,0.0055860933
91,0.52404106,0.36579615,0.0028239784,0.5658821,0.5995912,0.0020415036,0.5952008,0.531643,0.028268501,0.43330917,0.72677547,0.011358833,0.5719882,0.460666,0.009129401,0.7089844,0.572684,0.017094703,0.5973156,0.5103352,0.03697183,0.42978808,0.858954,0.0055418145
92,0.52427137,0.3825586,0.0036059818,0.56586325,0.59937674,0.0019688397,0.5952702,0.53171146,0.027194606,0.43345842,0.7268806,0.011357714,0.57188535,0.46036664,0.009029529,0.71037674,0.57193744,0.016215602,0.5977577,0.5105345,0.036997765,0.43040183,0.8590784,0.005638505
93,0.52424026,0.382557,0.003595611,0.5658774,0.59936583,0.0019700627,0.5952778,0.5317092,0.027214846,0.4334689,0.7268732,0.011361431,0.5718701,0.46037376,0.009023071,0.7104091,0.5719274,0.016186858,0.5977674,0.51053923,0.036960974,0.43039906,0.85906917,0.005645647
94,0.5242253,0.38282013,0.0035387233,0.56596667,0.5990406,0.0018566286,0.4163471,0.85309744,0.014212261,0.43330747,0.72693527,0.011273571,0.5720649,0.46022087,0.008900347,0.7114899,0.57159495,0.015857294,0.5979733,0.51044154,0.03665116,0.4305353,0.859395,0.0055196765
95,0.52432996,0.383171,0.0035276532,0.5662153,0.5988923,0.0017680258,0.41689488,0.8536088,0.014303767,0.43345118,0.72673243,0.011419251,0.57199824,0.45984995,0.008827535,0.71293586,0.5714919,0.015131325,0.5981288,0.5102922,0.036464453,0.43050444,0.8598321,0.0052425363
96,0.5240873,0.36708692,0.0027810505,0.56663144,0.59871113,0.0017598873,0.41637206,0.85386866,0.014744136,0.4334192,0.72628176,0.011533585,0.5727229,0.45929536,0.00886451,0.71813905,0.61361283,0.015428776,0.6093427,0.5088969,0.039488856,0.4303887,0.8595385,0.0052926163
97,0.52456975,0.36703804,0.0027836198,0.5671779,0.59851223,0.001825983,0.6071149,0.531371,0.031178698,0.43540666,0.7431724,0.010690505,0.58964646,0.45914835,0.008490961,0.7131332,0.5710153,0.015281766,0.6105027,0.50930524,0.041010674,0.43031913,0.8391315,0.005366902
98,0.5255463,0.367066,0.0027229036,0.56258035,0.5420942,0.0047901385,0.6082498,0.53143865,0.031593855,0.43520167,0.74298173,0.01065092,0.5904814,0.4585394,0.008284249,0.7125476,0.5704908,0.01541069,0.6121993,0.5094026,0.04103853,0.4292719,0.8385071,0.005441419
99,0.5255531,0.36705494,0.0027270801,0.56256056,0.5421049,0.0047870595,0.60826254,0.5314372,0.031593226,0.435197,0.74298286,0.010661879,0.59049904,0.45853004,0.008277064,0.71254796,0.5705069,0.0153833,0.6122045,0.50940865,0.041019958,0.42929494,0.83849746,0.005437761
100,0.5261071,0.3666949,0.002587923,0.5628934,0.5425359,0.0047738515,0.620905,0.53075963,0.03226316,0.43472344,0.74327666,0.010481394,0.5913187,0.45772707,0.007989583,0.71683365,0.61197793,0.016067239,0.62495774,0.5077441,0.042553548,0.4285223,0.8379182,0.005565165
101,0.5262435,0.36674818,0.0024804026,0.58858806,0.5995087,0.0019041019,0.62075657,0.5308589,0.0341,0.4338424,0.7433944,0.010515811,0.59155405,0.4572464,0.008164465,0.71590537,0.61065966,0.016947916,0.6242036,0.5080169,0.04487296,0.42793447,0.8375294,0.0055992156
102,0.5261952,0.3664893,0.002343565,0.5887863,0.5994099,0.0019668506,0.62109506,0.53174126,0.034288075,0.43327165,0.7435275,0.010095575,0.59120226,0.45712855,0.008205543,0.7168033,0.5946169,0.018640032,0.62395525,0.5088193,0.045231365,0.42708868,0.85759485,0.005271396
103,0.5264147,0.3663518,0.0024111727,0.589199,0.5996834,0.0019337384,0.6351776,0.54367846,0.03338252,0.4323738,0.7259542,0.010950674,0.59132063,0.45744762,0.008129868,0.7077233,0.5819791,0.017231936,0.61172473,0.5203543,0.041145187,0.42716306,0.85769767,0.005202982
104,0.52604634,0.3661427,0.0023829592,0.58941054,0.600109,0.0019067364,0.63502824,0.5449806,0.034610733,0.43276,0.72564113,0.01100218,0.59063774,0.45748174,0.007997458,0.70729744,0.5816914,0.017855985,0.6112765,0.5213343,0.040233232,0.42753989,0.8577814,0.005182019
105,0.52604824,0.3661576,0.0023854622,0.58941495,0.6001418,0.0019084685,0.63503087,0.5449737,0.03455148,0.43275562,0.72563905,0.010984264,0.5906434,0.45749894,0.00799275,0.707294,0.5817001,0.017855074,0.6112823,0.52132565,0.04019349,0.4275293,0.85776883,0.005178807
106,0.52593756,0.3660158,0.0023490407,0.589439,0.60020477,0.0018947518,0.62108105,0.54447466,0.03232303,0.4328032,0.72555053,0.010979897,0.5904384,0.45768714,0.007916728,0.71579117,0.59362274,0.0199288,0.61072767,0.5313675,0.03778423,0.42778826,0.8576977,0.0052031623
107,0.5257124,0.36613563,0.002270044,0.5898315,0.60036075,0.0018087573,0.6085974,0.5439912,0.030343285,0.43271422,0.7253276,0.011108324,0.59010476,0.45761245,0.007928296,0.715882,0.5927451,0.020477502,0.61012,0.521219,0.03835449,0.42786458,0.8577359,0.0052868207
108,0.52576566,0.36612922,0.0022981272,0.590193,0.60046417,0.00178904,0.6080042,0.5435267,0.028994046,0.43276247,0.7253578,0.011050285,0.59058917,0.457689,0.007952863,0.71571994,0.5931055,0.020456485,0.62359494,0.5093964,0.040720053,0.42771414,0.8576429,0.005334586
109,0.5254586,0.3660417,0.0022920996,0.589806,0.6001258,0.0017541299,0.5965092,0.532633,0.02830396,0.4232688,0.74200946,0.010894252,0.5903637,0.4578067,0.007978882,0.7152139,0.5934001,0.020300698,0.61080265,0.5100369,0.039814036,0.41060296,0.86005974,0.004486823
110,0.5250674,0.36579275,0.0022769012,0.58941436,0.5997759,0.0017667868,0.6076632,0.53176063,0.028176261,0.42326754,0.74201936,0.010934728,0.58983076,0.4576054,0.007963106,0.7151949,0.59292805,0.020528467,0.61057246,0.51017064,0.040231694,0.4105562,0.86015046,0.004456925
111,0.5250881,0.3658021,0.0022764823,0.5894181,0.5997878,0.0017667986,0.60765207,0.5317705,0.02815896,0.42329568,0.74200106,0.010950214,0.58980894,0.45759934,0.00796635,0.71519136,0.5929266,0.020523414,0.6105538,0.51016665,0.040209994,0.41056567,0.8601348,0.0044663884
112,0.5247216,0.36577263,0.00229589,0.58861446,0.5998196,0.0017523132,0.60772616,0.5312678,0.027540619,0.4236734,0.742047,0.010868468,0.58941936,0.45775816,0.0079626385,0.7152509,0.59340554,0.020099947,0.6103264,0.5103781,0.040038023,0.41050792,0.86022,0.00440192
113,0.5244483,0.3657541,0.002292487,0.56906736,0.59864646,0.0017498593,0.6080867,0.5308309,0.027123732,0.43378246,0.7252847,0.011472572,0.589195,0.457723,0.0078891665,0.7152351,0.5935047,0.019848805,0.6103259,0.51045626,0.04027903,0.41049325,0.86048746,0.004373295
114,0.5241568,0.3656643,0.002287876,0.5683063,0.59857726,0.0017252151,0.6081698,0.53056383,0.0267518,0.43400264,0.7255436,0.01134705,0.589002,0.45772853,0.00779397,0.7151336,0.5937061,0.019646237,0.6101511,0.51053,0.039701104,0.41029513,0.860767,0.004305036
115,0.5062439,0.36555034,0.0020579158,0.5678915,0.59864956,0.0017637709,0.608072,0.53054094,0.026946327,0.43433294,0.72552896,0.011509659,0.58905244,0.45770758,0.007760804,0.7078436,0.58148247,0.017603317,0.6099896,0.51053274,0.039535616,0.41050673,0.86095524,0.0042981
116,0.50619924,0.36547533,0.0020774403,0.5675647,0.5986239,0.0017935009,0.60810184,0.5306135,0.027032522,0.43455017,0.72545767,0.011710564,0.5890692,0.45787382,0.0076934122,0.7076799,0.5815996,0.017801093,0.6100982,0.51062596,0.039503206,0.41067365,0.86099887,0.0042961803
117,0.5062166,0.36544198,0.0020756766,0.5675491,0.598632,0.001786817,0.608104,0.53060263,0.026972864,0.43456048,0.7254726,0.011707931,0.5890117,0.45782614,0.007697541,0.7076872,0.581567,0.017795295,0.6101026,0.5106285,0.039412305,0.41068333,0.86100674,0.0043043834
118,0.5061856,0.36547908,0.0020828359,0.56727755,0.5985352,0.0017760702,0.60817206,0.5305629,0.026549181,0.43456677,0.72553694,0.011674368,0.58901685,0.45780376,0.007636867,0.7076425,0.58158916,0.017827466,0.6102716,0.5106017,0.03883897,0.41066465,0.8611487,0.004292861
119,0.5060699,0.3654656,0.002105273,0.56703824,0.5984786,0.0017605709,0.6081712,0.53058195,0.026293442,0.43471932,0.72548366,0.011799319,0.5888141,0.45771402,0.007653765,0.70761067,0.5815496,0.017828494,0.61030823,0.5106221,0.03836791,0.41069943,0.86117125,0.0042911996
120,0.5062175,0.36537966,0.002123756,0.5670218,0.5984027,0.001751526,0.6081684,0.5305773,0.02640242,0.43472335,0.72542715,0.011841242,0.58878434,0.45776328,0.0076924656,0.70745426,0.58154976,0.017959034,0.61029017,0.5106411,0.038418304,0.41058666,0.8611551,0.00426852
121,0.5059437,0.3654374,0.0021970773,0.56717515,0.5982385,0.0017112317,0.6082595,0.53066546,0.025559703,0.4344788,0.7254045,0.0117155975,0.5884877,0.4577061,0.00776703,0.70744,0.58123523,0.018122708,0.6105352,0.51072097,0.037480887,0.42816094,0.8584064,0.005151484
122,0.5057878,0.3653352,0.002218332,0.5673641,0.59823227,0.0016827727,0.60828996,0.53078914,0.025080673,0.43444532,0.7253845,0.011652132,0.5884806,0.45773503,0.0077221836,0.7074533,0.58121115,0.01819522,0.610644,0.5108638,0.036925636,0.42816827,0.8583773,0.0051555475
123,0.50580937,0.36534208,0.0022185936,0.5673777,0.5982416,0.0016837702,0.60828495,0.53079677,0.025093917,0.4344497,0.72537965,0.0116644995,0.5884871,0.45774862,0.007716788,0.7074667,0.58122396,0.018174943,0.6106409,0.51087123,0.0369264,0.42818892,0.85835904,0.0051574116
124,0.5057927,0.36532578,0.0022065958,0.5675207,0.59826666,0.0016842384,0.6082836,0.5309202,0.025080036,0.43442547,0.72541034,0.011584934,0.5884514,0.45773706,0.0077057225,0.7074113,0.58113056,0.018352749,0.61067307,0.51099443,0.03704717,0.42821324,0.85829604,0.0051796623
125,0.5057546,0.3653475,0.0022056992,0.56768936,0.5982669,0.0016908142,0.6082766,0.5310023,0.025095379,0.43435216,0.7254816,0.011435652,0.58838403,0.4576617,0.0077086724,0.7073967,0.5809281,0.018459853,0.6107319,0.511025,0.037255142,0.4282564,0.85829073,0.0051759826
126,0.50584376,0.36533937,0.0021849836,0.566163,0.5836652,0.0021230672,0.60824287,0.5311334,0.025263011,0.43418926,0.72543985,0.011356386,0.58833766,0.45768517,0.0077356077,0.70737475,0.5806556,0.018614143,0.6107784,0.5111249,0.037731096,0.42831036,0.85824084,0.0051995157
127,0.52413267,0.36534715,0.0023909996,0.56679076,0.58384913,0.002180884,0.60814714,0.53134626,0.02555191,0.43387732,0.7255127,0.011323445,0.5884812,0.4576047,0.007760915,0.7073883,0.58039874,0.018837707,0.6109716,0.51105803,0.038457,0.4110958,0.8606744,0.004415784
128,0.5245253,0.3654899,0.0023957014,0.53912556,0.51026666,0.006137877,0.6078739,0.53169084,0.026174273,0.4237882,0.7421493,0.010824553,0.5888481,0.45765752,0.007836695,0.70741165,0.5804944,0.018804949,0.6111226,0.5109306,0.039169908,0.4112178,0.86040086,0.004502569
129,0.5245283,0.3654702,0.00239778,0.53912103,0.510259,0.0061364784,0.6078932,0.53167564,0.02618527,0.42378402,0.74215037,0.010826606,0.5888502,0.45765588,0.007842714,0.70739704,0.58049375,0.018813187,0.6111411,0.51092404,0.039215453,0.41121745,0.8603935,0.004503309
130,0.52514964,0.36561695,0.0023889155,0.5887845,0.599905,0.0017216415,0.59671396,0.53242743,0.026504977,0.423143,0.74208754,0.010870856,0.5896151,0.45771918,0.007867229,0.7075614,0.5807004,0.018730748,0.6238972,0.50995475,0.04105846,0.4111016,0.8601652,0.004571383
131,0.52599883,0.36575943,0.0024547896,0.5891667,0.6002382,0.0017568475,0.608501,0.54303503,0.026403034,0.432816,0.7253236,0.011093761,0.59038585,0.45774361,0.007869053,0.70751405,0.5811866,0.018676693,0.6244568,0.5096782,0.041137826,0.4281061,0.8576573,0.0053034495
132,0.5265229,0.36560467,0.0025382508,0.5892633,0.6004552,0.0018027896,0.6088198,0.5431041,0.027380258,0.43300724,0.72564924,0.010927005,0.59074783,0.45773077,0.0078454185,0.7079015,0.5817013,0.018038599,0.6246914,0.5094023,0.040573332,0.42826435,0.85757995,0.00531143
133,0.5267258,0.36554968,0.0027685286,0.5887621,0.60024476,0.0019625614,0.6349661,0.5445426,0.031610347,0.43294612,0.7258626,0.010972843,0.59086657,0.45782292,0.007989449,0.7069009,0.58262575,0.018272717,0.61164486,0.5209194,0.039889816,0.42826942,0.8574507,0.005378399
134,0.5268575,0.3656635,0.0028573086,0.58822215,0.600061,0.0020123646,0.62077504,0.5323348,0.031413976,0.43284458,0.72605693,0.011054027,0.5909564,0.45820886,0.0080927955,0.70738745,0.5836405,0.0176821,0.62479174,0.5192586,0.04201738,0.44244465,0.8364989,0.0064697363
135,0.5268671,0.36564642,0.0028492338,0.58821476,0.60007936,0.0020123434,0.6207731,0.53233546,0.031434327,0.43284446,0.7260553,0.011065385,0.5909347,0.45825276,0.008098861,0.7073766,0.58363724,0.017717749,0.6247946,0.51927084,0.042039048,0.4424462,0.8364941,0.006471655
136,0.52690816,0.36569172,0.0027215858,0.5690572,0.5987406,0.002113716,0.6084109,0.53162843,0.031932727,0.4338819,0.74326396,0.010455851,0.59089047,0.45830274,0.008279428,0.7086218,0.58340216,0.01702182,0.6248202,0.5080628,0.044130046,0.42789552,0.8573589,0.005411756
137,0.5270925,0.36595613,0.002664422,0.5998014,0.5429519,0.0052590566,0.6082334,0.53093255,0.031660624,0.4343932,0.742892,0.010743082,0.59101474,0.45820343,0.008215647,0.71121156,0.5701492,0.016877877,0.62484473,0.50716084,0.04342992,0.42854306,0.8380806,0.0054751546
138,0.52725303,0.36621565,0.002797066,0.5841022,0.5572507,0.0042050267,0.60793984,0.53151846,0.031612784,0.4342779,0.74293613,0.010663141,0.5905553,0.4581086,0.008380925,0.71720815,0.61224496,0.016224395,0.612102,0.50921464,0.042285234,0.42926046,0.8391359,0.005375243
139,0.5268843,0.36620542,0.0028519446,0.5624771,0.54240614,0.004954766,0.6068034,0.53186196,0.030619968,0.43406212,0.743416,0.010618072,0.59008163,0.45847338,0.008486386,0.7118116,0.5848411,0.014664688,0.61113966,0.50904715,0.0416525,0.430431,0.8596872,0.005341875
140,0.52663094,0.36566776,0.002805747,0.5683038,0.59936273,0.0020741047,0.4178481,0.8543677,0.014331182,0.43261138,0.7264416,0.011443407,0.58931756,0.45897004,0.00852115,0.7120293,0.58535796,0.014797228,0.6102365,0.5087945,0.03962171,0.43059254,0.8602879,0.0052350834
141,0.52663606,0.36566114,0.002803288,0.56832445,0.59936374,0.002075967,0.41782483,0.8544147,0.014348045,0.43260002,0.7264492,0.011453584,0.5893091,0.45894814,0.0085204495,0.71203953,0.585325,0.01478679,0.6102483,0.508796,0.039596442,0.43058518,0.8603023,0.005239762
142,0.5268206,0.36547777,0.0026404962,0.58906364,0.60094774,0.0020744344,0.60652745,0.543475,0.02793207,0.43248302,0.7262221,0.011207168,0.58846915,0.45946106,0.0085578365,0.71844023,0.61139804,0.017925333,0.60902274,0.51971996,0.03847027,0.43002898,0.8607448,0.004997768
143,0.5272968,0.3648988,0.0027010222,0.58927643,0.6016838,0.0022140245,0.60678536,0.5438555,0.029958239,0.43204215,0.72585857,0.011354386,0.58788526,0.45991164,0.008765344,0.7171584,0.6113476,0.017509341,0.6086037,0.5200489,0.03968747,0.42788172,0.860477,0.004957932
144,0.52701336,0.36458653,0.0028736158,0.5690044,0.60020375,0.0021284916,0.60654575,0.5438751,0.028380895,0.43216956,0.7257927,0.011903609,0.58756506,0.46105206,0.00867421,0.70782447,0.6001834,0.01575469,0.6081852,0.5201435,0.038744707,0.42655644,0.8587457,0.0052335393
145,0.52735454,0.3809153,0.0035123378,0.5668332,0.5991385,0.0019336243,0.6060464,0.53328633,0.028278237,0.4330132,0.7258142,0.012071867,0.5867522,0.4615307,0.008514204,0.7080808,0.5863734,0.016505016,0.5969077,0.5219295,0.036573723,0.4268752,0.83713305,0.006313171
146,0.52626556,0.36403188,0.0028162957,0.5662003,0.59867275,0.0018822012,0.5953808,0.53355515,0.028104417,0.43348107,0.72610235,0.012059584,0.5862001,0.46169844,0.008750068,0.70912886,0.58680665,0.015862353,0.5967699,0.52187055,0.037002288,0.4275598,0.83649397,0.0067505655
147,0.5262302,0.3640413,0.002813469,0.5661961,0.59863776,0.0018835464,0.5953925,0.53356445,0.028097287,0.43348297,0.7260971,0.012062584,0.58615,0.4616947,0.0087469295,0.7091431,0.58677995,0.015853425,0.596785,0.5218833,0.036967814,0.42754108,0.8364881,0.006763857
148,0.5265867,0.38090488,0.0033574412,0.5665592,0.5990089,0.0018031166,0.5949966,0.5326837,0.027624482,0.42248774,0.7427632,0.011295198,0.57129383,0.461212,0.009049933,0.7095067,0.58742607,0.015396416,0.59767425,0.5112465,0.03825893,0.4108305,0.8389393,0.005029144
149,0.52673906,0.38097715,0.0034218142,0.5684007,0.6000798,0.0017498403,0.595449,0.53264236,0.028884782,0.42183107,0.74310124,0.010564631,0.57295346,0.46106866,0.008774897,0.7094244,0.58938706,0.014956272,0.5981429,0.5109379,0.040201377,0.4105179,0.82106966,0.00536424
150,0.5263507,0.38120553,0.003473888,0.5683178,0.600787,0.0016820165,0.59541255,0.53278315,0.029327592,0.42156035,0.7432486,0.010163694,0.6049291,0.47559252,0.008936184,0.709979,0.5915619,0.014038722,0.5976921,0.51128954,0.04021615,0.41081807,0.8397188,0.004788984
151,0.52597153,0.3813372,0.0035338588,0.53584874,0.49878818,0.0067798314,0.59511626,0.53285766,0.029675636,0.4215605,0.74352777,0.009947135,0.5729377,0.4750488,0.009432109,0.7098027,0.59236455,0.013357284,0.5973338,0.51151454,0.040179126,0.4108753,0.8398613,0.0048083263
152,0.52522755,0.3814366,0.0035628236,0.5348248,0.49794787,0.0067490954,0.6053913,0.53101426,0.027933514,0.43442208,0.744292,0.009550982,0.47218055,0.518611,0.014267811,0.7111061,0.5764674,0.01388113,0.5978117,0.5107713,0.03668324,0.41071093,0.8391427,0.004617468
153,0.5252259,0.3814332,0.0035650588,0.5348284,0.49795535,0.0067478204,0.6053764,0.5310021,0.027898634,0.43441424,0.744295,0.009550856,0.4721816,0.51860565,0.014257794,0.71111035,0.5764946,0.013880295,0.5977941,0.51075965,0.03665735,0.41070357,0.8391436,0.0046187835
154,0.5251562,0.38134193,0.0035622483,0.5346317,0.49753723,0.0067961914,0.6054898,0.5307267,0.027866317,0.43425003,0.7440445,0.0095837,0.47218004,0.5185801,0.014288158,0.70914465,0.5896709,0.013810331,0.5978913,0.5107825,0.0369421,0.41012847,0.83903795,0.0045193844
155,0.52536625,0.3814277,0.0036022337,0.53500247,0.497539,0.0067463983,0.6055623,0.5306641,0.028445426,0.4340185,0.74399674,0.009482493,0.47228703,0.51844937,0.014209782,0.7093134,0.5899404,0.013703353,0.59793174,0.5107837,0.037767332,0.4098932,0.83906996,0.0045205816
